Part number,Part name,Location,Price,Balance,Unit,Value,WH
100202,Guiding Pin UC,810602,2.89,40.00,Pcs,115.60,STD
100420,UC X18 S60 WU w bushings,020604,"1,597.30",3.00,Pcs,"4,791.90",STD
100420,UC X18 S60 WU w bushings,020603,"1,597.30",4.00,Pcs,"6,389.20",STD
100420,UC X18 S60 WU w bushings,020701,"1,597.30",1.00,Pcs,"1,597.30",STD
100420,UC X18 S60 WU w bushings,020602,"1,597.30",1.00,Pcs,"1,597.30",STD
100450,UC X12 S50 WU w bushings,020202,"1,613.00",8.00,Pcs,"12,904.00",STD
100450,UC X12 S50 WU w bushings,020201,"1,613.00",16.00,Pcs,"25,808.00",STD
100450,UC X12 S50 WU w bushings,020203,"1,613.00",1.00,Pcs,"1,613.00",STD
100582,Tube Spacer Grip Cylinder,810603,2.61,9.00,Pcs,23.49,STD
100815,Motor Cover X12-X26 WU,030101,25.61,1.00,Pcs,25.61,STD
100933,Spacer Support,810604,1.22,7.00,Pcs,8.54,STD
100993,Tube Spacer Gripper Cylinder,810603,1.14,4.00,Pcs,4.56,STD
101000,"Bucket GB08-S30/180 (W700mm/28"")",080101,487.63,2.00,Pcs,975.26,STD
101001,"Bucket GB1-S30/180 (W800mm/31"")",070403,546.71,1.00,Pcs,546.71,STD
101001,"Bucket GB1-S30/180 (W800mm/31"")",070203,546.71,1.00,Pcs,546.71,STD
101003,"Bucket GB2-S30/180 (W900mm/35"")",060204,639.75,1.00,Pcs,639.75,STD
101003,"Bucket GB2-S30/180 (W900mm/35"")",080302,639.75,1.00,Pcs,639.75,STD
101003,"Bucket GB2-S30/180 (W900mm/35"")",080203,639.75,1.00,Pcs,639.75,STD
101005,"Bucket GB2-S40 (W900mm/35"")",080403,702.55,2.00,Pcs,"1,405.10",STD
101005,"Bucket GB2-S40 (W900mm/35"")",080204,702.55,3.00,Pcs,"2,107.65",STD
101005,"Bucket GB2-S40 (W900mm/35"")",080202,702.55,1.00,Pcs,702.55,STD
101005,"Bucket GB2-S40 (W900mm/35"")",080201,702.55,1.00,Pcs,702.55,STD
101005,"Bucket GB2-S40 (W900mm/35"")",080303,702.55,1.00,Pcs,702.55,STD
101005,"Bucket GB2-S40 (W900mm/35"")",080203,702.55,1.00,Pcs,702.55,STD
101007,"Bucket GB3-S40 (W1000mm/39"")",080404,859.13,1.00,Pcs,859.13,STD
101007,"Bucket GB3-S40 (W1000mm/39"")",080103,859.13,3.00,Pcs,"2,577.39",STD
101007,"Bucket GB3-S40 (W1000mm/39"")",080101,859.13,1.00,Pcs,859.13,STD
101007,"Bucket GB3-S40 (W1000mm/39"")",080202,859.13,2.00,Pcs,"1,718.26",STD
101007,"Bucket GB3-S40 (W1000mm/39"")",050804,859.13,1.00,Pcs,859.13,STD
101007,"Bucket GB3-S40 (W1000mm/39"")",080102,859.13,2.00,Pcs,"1,718.26",STD
101007,"Bucket GB3-S40 (W1000mm/39"")",080603,859.13,3.00,Pcs,"2,577.39",STD
101007,"Bucket GB3-S40 (W1000mm/39"")",080304,859.13,2.00,Pcs,"1,718.26",STD
101007,"Bucket GB3-S40 (W1000mm/39"")",080104,859.13,3.00,Pcs,"2,577.39",STD
101007,"Bucket GB3-S40 (W1000mm/39"")",060502,859.13,1.00,Pcs,859.13,STD
101007,"Bucket GB3-S40 (W1000mm/39"")",080303,859.13,1.00,Pcs,859.13,STD
101009,"Bucket GB4-S40 (W1100mm/43"")",080402,"1,054.58",1.00,Pcs,"1,054.58",STD
101009,"Bucket GB4-S40 (W1100mm/43"")",080404,"1,054.58",1.00,Pcs,"1,054.58",STD
101009,"Bucket GB4-S40 (W1100mm/43"")",060602,"1,054.58",1.00,Pcs,"1,054.58",STD
101009,"Bucket GB4-S40 (W1100mm/43"")",060604,"1,054.58",1.00,Pcs,"1,054.58",STD
101010,"Bucket GB4-S40 (W914mm/36"").",080502,954.34,1.00,Pcs,954.34,STD
101010,"Bucket GB4-S40 (W914mm/36"").",101010,954.34,1.00,Pcs,954.34,STD
101012,"Bucket GB5-S40 (W1200mm/47"")",080503,"1,127.11",2.00,Pcs,"2,254.22",STD
101012,"Bucket GB5-S40 (W1200mm/47"")",080804,"1,127.11",2.00,Pcs,"2,254.22",STD
101012,"Bucket GB5-S40 (W1200mm/47"")",080803,"1,127.11",3.00,Pcs,"3,381.33",STD
101012,"Bucket GB5-S40 (W1200mm/47"")",080103,"1,127.11",1.00,Pcs,"1,127.11",STD
101012,"Bucket GB5-S40 (W1200mm/47"")",080704,"1,127.11",3.00,Pcs,"3,381.33",STD
101012,"Bucket GB5-S40 (W1200mm/47"")",070804,"1,127.11",1.00,Pcs,"1,127.11",STD
101012,"Bucket GB5-S40 (W1200mm/47"")",070204,"1,127.11",1.00,Pcs,"1,127.11",STD
101012,"Bucket GB5-S40 (W1200mm/47"")",060301,"1,127.11",1.00,Pcs,"1,127.11",STD
101012,"Bucket GB5-S40 (W1200mm/47"")",080403,"1,127.11",1.00,Pcs,"1,127.11",STD
101012,"Bucket GB5-S40 (W1200mm/47"")",080203,"1,127.11",1.00,Pcs,"1,127.11",STD
101012,"Bucket GB5-S40 (W1200mm/47"")",080703,"1,127.11",1.00,Pcs,"1,127.11",STD
101016,"Bucket GB6-S50 (W1300mm/51"")",ZONE 4,"1,365.85",11.00,Pcs,"15,024.35",STD
101016,"Bucket GB6-S50 (W1300mm/51"")",ZONE 3,"1,365.85",1.00,Pcs,"1,365.85",STD
101016,"Bucket GB6-S50 (W1300mm/51"")",060703,"1,365.85",1.00,Pcs,"1,365.85",STD
101020,"Bucket GB9-S50 (W1400mm/55"")",ZONE 4,"2,264.56",6.00,Pcs,"13,587.36",STD
101024,"Bucket GB12-S50 (W1500mm/59"")",ZONE 4,"2,548.17",1.00,Pcs,"2,548.17",STD
101024,"Bucket GB12-S50 (W1500mm/59"")",ZONE 5,"2,548.17",1.00,Pcs,"2,548.17",STD
101026,"Bucket GB14-S60 (W1500mm/59"")",ZONE 4,"2,873.27",17.00,Pcs,"48,845.59",STD
101026,"Bucket GB14-S60 (W1500mm/59"")",ZONE 3,"2,873.27",1.00,Pcs,"2,873.27",STD
101028,"Bucket GB15-S60 (W1600mm/63"")",ZONE4,"3,362.14",1.00,Pcs,"3,362.14",STD
101028,"Bucket GB15-S60 (W1600mm/63"")",ZONE 3,"3,362.14",2.00,Pcs,"6,724.28",STD
101036,"Bucket GB20-S70 (W1800mm/71"")",ZONE 5,"5,193.65",2.00,Pcs,"10,387.30",STD
101036,"Bucket GB20-S70 (W1800mm/71"")",ZONE 4,"5,193.65",5.00,Pcs,"25,968.25",STD
101044,"Bucket GB30-S80 (W2000mm/79"")",ZONE 6,"8,206.69",1.00,Pcs,"8,206.69",STD
101049,"Bucket DB1T-S30/180 (W400mm/16"")",070703,444.28,2.00,Pcs,888.56,STD
101049,"Bucket DB1T-S30/180 (W400mm/16"")",070704,444.28,2.00,Pcs,888.56,STD
101050,"Bucket DB2-S30/180 (W450mm/18"")",070104,529.54,1.00,Pcs,529.54,STD
101051,"Bucket DB2T-S30/180 (W450mm/18"")",070104,726.65,1.00,Pcs,726.65,STD
101051,"Bucket DB2T-S30/180 (W450mm/18"")",070404,726.65,1.00,Pcs,726.65,STD
101051,"Bucket DB2T-S30/180 (W450mm/18"")",080101,726.65,1.00,Pcs,726.65,STD
101051,"Bucket DB2T-S30/180 (W450mm/18"")",060801,726.65,1.00,Pcs,726.65,STD
101052,"Bucket DB2-S40 (W300mm/12"")",060803,705.41,1.00,Pcs,705.41,STD
101054,"Bucket DB2-S40 (W450mm/18"")",070404,621.50,1.00,Pcs,621.50,STD
101055,"Bucket DB2T-S40 (W450mm/18"")",070304,809.97,1.00,Pcs,809.97,STD
101059,"Bucket DB3T-S40 (W500mm/20"")",070702,872.60,3.00,Pcs,"2,617.80",STD
101059,"Bucket DB3T-S40 (W500mm/20"")",070604,872.60,2.00,Pcs,"1,745.20",STD
101059,"Bucket DB3T-S40 (W500mm/20"")",070504,872.60,3.00,Pcs,"2,617.80",STD
101059,"Bucket DB3T-S40 (W500mm/20"")",070304,872.60,2.00,Pcs,"1,745.20",STD
101060,"Bucket DB3T-HS03 (W500mm/20"")",070103,884.08,1.00,Pcs,884.08,STD
101061,"Bucket DB4-S40 (W600mm/24"")",070101,885.84,2.00,Pcs,"1,771.68",STD
101062,"Bucket DB4T-S40 (W305mm/12"")",060704,797.55,4.00,Pcs,"3,190.20",STD
101062,"Bucket DB4T-S40 (W305mm/12"")",STAGING,797.55,1.00,Pcs,797.55,STD
101063,"Bucket DB4T-S40 (W457mm/18"")",070803,975.46,2.00,Pcs,"1,950.92",STD
101063,"Bucket DB4T-S40 (W457mm/18"")",070804,975.46,2.00,Pcs,"1,950.92",STD
101063,"Bucket DB4T-S40 (W457mm/18"")",070102,975.46,3.00,Pcs,"2,926.38",STD
101063,"Bucket DB4T-S40 (W457mm/18"")",060604,975.46,1.00,Pcs,975.46,STD
101064,"Bucket DB4T-S40 (W600mm/24"")",070502,"1,048.99",3.00,Pcs,"3,146.97",STD
101064,"Bucket DB4T-S40 (W600mm/24"")",070403,"1,048.99",2.00,Pcs,"2,097.98",STD
101064,"Bucket DB4T-S40 (W600mm/24"")",060104,"1,048.99",1.00,Pcs,"1,048.99",STD
101064,"Bucket DB4T-S40 (W600mm/24"")",070202,"1,048.99",2.00,Pcs,"2,097.98",STD
101064,"Bucket DB4T-S40 (W600mm/24"")",070201,"1,048.99",4.00,Pcs,"4,195.96",STD
101064,"Bucket DB4T-S40 (W600mm/24"")",070202,"1,048.99",2.00,Pcs,"2,097.98",STD
101064,"Bucket DB4T-S40 (W600mm/24"")",060404,"1,048.99",1.00,Pcs,"1,048.99",STD
101064,"Bucket DB4T-S40 (W600mm/24"")",060304,"1,048.99",1.00,Pcs,"1,048.99",STD
101064,"Bucket DB4T-S40 (W600mm/24"")",070604,"1,048.99",1.00,Pcs,"1,048.99",STD
101064,"Bucket DB4T-S40 (W600mm/24"")",070203,"1,048.99",1.00,Pcs,"1,048.99",STD
101069,"Bucket DB5T-S40 (W700mm/28"")",070204,"1,222.28",1.00,Pcs,"1,222.28",STD
101069,"Bucket DB5T-S40 (W700mm/28"")",070203,"1,222.28",1.00,Pcs,"1,222.28",STD
101069,"Bucket DB5T-S40 (W700mm/28"")",070303,"1,222.28",1.00,Pcs,"1,222.28",STD
101069,"Bucket DB5T-S40 (W700mm/28"")",QUARANTINE,"1,222.28",1.00,Pcs,"1,222.28",STD
101069,"Bucket DB5T-S40 (W700mm/28"")",070401,"1,222.28",2.00,Pcs,"2,444.56",STD
101069,"Bucket DB5T-S40 (W700mm/28"")",070402,"1,222.28",1.00,Pcs,"1,222.28",STD
101079,"Bucket DB6-S50 (W700mm/28"")",060704,"1,443.06",1.00,Pcs,"1,443.06",STD
101080,"Bucket DB6T-S50 (W700mm/28"")",070503,"1,434.39",1.00,Pcs,"1,434.39",STD
101080,"Bucket DB6T-S50 (W700mm/28"")",070501,"1,434.39",1.00,Pcs,"1,434.39",STD
101080,"Bucket DB6T-S50 (W700mm/28"")",070601,"1,434.39",1.00,Pcs,"1,434.39",STD
101091,"Bucket DB9T-S50 (W457mm/18"")",STAGING,"1,516.80",1.00,Pcs,"1,516.80",STD
101091,"Bucket DB9T-S50 (W457mm/18"")",070601,"1,516.80",1.00,Pcs,"1,516.80",STD
101092,"Bucket DB9-S50 (W600mm/24"")",070301,"1,427.54",1.00,Pcs,"1,427.54",STD
101093,"Bucket DB9T-S50 (W609mm/24"")",QUARANTINE,"1,800.20",1.00,Pcs,"1,800.20",STD
101093,"Bucket DB9T-S50 (W609mm/24"")",070501,"1,800.20",1.00,Pcs,"1,800.20",STD
101094,"Bucket DB9-S50 (W700mm/28"")",070302,"1,655.62",1.00,Pcs,"1,655.62",STD
101095,"Bucket DB9T-S50 (W700mm/28"")",060302,"1,895.83",1.00,Pcs,"1,895.83",STD
101095,"Bucket DB9T-S50 (W700mm/28"")",070701,"1,895.83",3.00,Pcs,"5,687.49",STD
101097,"Bucket DB9T-S50 (W914mm/36"")",ZONE 6,"2,122.84",1.00,Pcs,"2,122.84",STD
101110,"Bucket DB12-S50 (W900mm/35"")",ZONE 6,"2,514.70",1.00,Pcs,"2,514.70",STD
101113,"Bucket DB13T-S60 (W900mm/35"")",ZONE 6,"3,207.59",4.00,Pcs,"12,830.36",STD
101113,"Bucket DB13T-S60 (W900mm/35"")",ZONE 5,"3,207.59",1.00,Pcs,"3,207.59",STD
101116,"Bucket DB14T-S60 (W450mm/18"")",ZONE 5,"2,519.60",1.00,Pcs,"2,519.60",STD
101118,"Bucket DB14T-S60 (W600mm/24"")",ZONE 6,"2,253.91",1.00,Pcs,"2,253.91",STD
101120,"Bucket DB14T-S60 (W950mm/37"")",ZONE 5,"3,488.25",2.00,Pcs,"6,976.50",STD
101124,"Bucket DB15T-S60 (W1400mm/55"")",ZONE 5,"5,295.22",1.00,Pcs,"5,295.22",STD
101126,"Bucket DB15T-S60 (W1000mm/39"")",ZONE 6,"3,794.05",3.00,Pcs,"11,382.15",STD
101141,"Bucket DB20T-S70 (W1050mm/41"")",ZONE 6,"5,329.03",1.00,Pcs,"5,329.03",STD
101141,"Bucket DB20T-S70 (W1050mm/41"")",ZONE 5,"5,329.03",1.00,Pcs,"5,329.03",STD
101144,"Bucket DB20T-S70 (W1200mm/47"")",ZONE 5,"7,215.98",2.00,Pcs,"14,431.96",STD
101146,"Bucket DB25T-S70 (W1250mm/49"")",ZONE 6,"5,933.35",1.00,Pcs,"5,933.35",STD
101153,"Bucket DBT30-S80 (W1300mm/51"")",ZONE 6,"6,703.90",1.00,Pcs,"6,703.90",STD
101155,"Bucket CB2T-S30/180 (W290mm/11"")",060501,358.96,1.00,Pcs,358.96,STD
101157,"Bucket CB3-S40 (W300mm/12"")",060504,673.99,1.00,Pcs,673.99,STD
101157,"Bucket CB3-S40 (W300mm/12"")",060502,673.99,3.00,Pcs,"2,021.97",STD
101157,"Bucket CB3-S40 (W300mm/12"")",060602,673.99,3.00,Pcs,"2,021.97",STD
101157,"Bucket CB3-S40 (W300mm/12"")",060503,673.99,5.00,Pcs,"3,369.95",STD
101157,"Bucket CB3-S40 (W300mm/12"")",060603,673.99,1.00,Pcs,673.99,STD
101158,"Bucket CB3C-S40 (W400/200mm/16/8"")",060502,731.72,1.00,Pcs,731.72,STD
101160,"Bucket CB5-S40 (W300mm/12"")",060602,750.65,1.00,Pcs,750.65,STD
101160,"Bucket CB5-S40 (W300mm/12"")",060404,750.65,1.00,Pcs,750.65,STD
101162,"Bucket CB5-S40 (W400mm/16"")",060703,784.47,1.00,Pcs,784.47,STD
101170,"Bucket CB6-S50 (W400mm/16"")",060701,925.14,3.00,Pcs,"2,775.42",STD
101170,"Bucket CB6-S50 (W400mm/16"")",060702,925.14,1.00,Pcs,925.14,STD
101171,"Bucket CB6-S50 (W450mm/18"")",060702,978.52,1.00,Pcs,978.52,STD
101176,"Bucket CB9-S50 (W400mm/16"")",070301,"1,137.28",1.00,Pcs,"1,137.28",STD
101176,"Bucket CB9-S50 (W400mm/16"")",070503,"1,137.28",1.00,Pcs,"1,137.28",STD
101176,"Bucket CB9-S50 (W400mm/16"")",060401,"1,137.28",1.00,Pcs,"1,137.28",STD
101176,"Bucket CB9-S50 (W400mm/16"")",070602,"1,137.28",3.00,Pcs,"3,411.84",STD
101179,"Bucket CB9C-S50 (W400/200mm/16/8"")",060601,994.06,1.00,Pcs,994.06,STD
101185,"Bucket CB15-S60 (W500mm/20"")",ZONE 6,"2,222.78",3.00,Pcs,"6,668.34",STD
101302,"Bucket DB5T-S40 (W900mm/35"")",070701,"1,509.43",1.00,Pcs,"1,509.43",STD
101317,"Bucket, GB9-S50 (W1219mm/48"")",ZONE 2,"2,070.97",1.00,Pcs,"2,070.97",STD
101329,"Bucket, DB15T-S60 (W610mm/24"")",ZONE 6,"2,499.00",2.00,Pcs,"4,998.00",STD
110015,Tilt Shaft Axial Locking Plate X26,810605,6.18,1.00,Pcs,6.18,STD
110018,Bearing Axial X20/X26,800602,93.68,4.00,Pcs,374.72,STD
110021,Bearing Axial X18,800602,67.20,5.00,Pcs,336.00,STD
110024,Bearing Axial X12,800604,42.24,4.00,Pcs,168.96,STD
200536,"Tilt Shaft Axial Locking Plate, X12",810605,4.23,6.00,Pcs,25.38,STD
200540,Tilt Shaft Axial Locking Plate X18,810605,3.41,7.00,Pcs,23.87,STD
200761,Shaft Cylinder Support,810406,9.22,11.00,Pcs,101.42,STD
200762,Shaft Cylinder,810406,5.57,2.00,Pcs,11.14,STD
200763,Shaft D35 L153mm (Gripper Cassette),810406,25.01,3.00,Pcs,75.03,STD
200786,Gear Pin X12-X26 (one piece wheel),810605,2.65,13.00,Pcs,34.45,STD
200852,Shims Flange X12 - 0.5 mm SS2333,800603,6.56,6.00,Pcs,39.36,STD
200854,Shims Flange X26 - 0.5 mm SS2333,800603,4.16,1.00,Pcs,4.16,STD
201071,Bracket ILME 8-pole (SS1312 2mm),810202,3.28,13.00,Pcs,42.64,STD
201072,Bracket ILME 16-pole (SS1312 4mm),810102,4.44,4.00,Pcs,17.76,STD
201789,"Shims gripper arm T=0,5",810606,0.50,11.00,Pcs,5.50,STD
202080,Swivel lock X04 - SS2333 3mm,810404,2.38,1.00,Pcs,2.38,STD
202110,Bearing Axial X04/X06+,800602,33.23,1.00,Pcs,33.23,STD
202201,Guiding pin CuZn39Pb3 (SS5170),810603,1.60,56.00,Pcs,89.60,STD
202590,Locking Bushing Swivel X04/06+,810605,1.39,2.00,Pcs,2.78,STD
203058,Worm X04/X06+,800501,250.31,1.00,Pcs,250.31,STD
203059,Connection Flange Motor X04/X06,800504,27.88,1.00,Pcs,27.88,STD
203061,Bearing Segment X04/X06,800504,19.28,11.00,PR,212.08,STD
203085,Adapter Flange (Motor BG),810505,12.39,1.00,Pcs,12.39,STD
203357,Gearbox Top Cover X04/X06+,800604,29.36,2.00,Pcs,58.72,STD
203395,Mounting Tool for Seal M16 D45,WORKSHOP,145.69,1.00,Pcs,145.69,STD
203395,Mounting Tool for Seal M16 D45,KIT SHELF 010108,145.69,1.00,Pcs,145.69,STD
203628,"Shims for X04 Bearing SS2333 0,2mm",810504,1.10,11.00,Pcs,12.10,STD
203780,Shaft D60 tilt rear X18 Cromax,050101,30.33,4.00,Pcs,121.32,STD
203781,Shaft D60 tilt front X18 Cromax,050101,31.97,2.00,Pcs,63.94,STD
203782,Shaft D35 tilt cyl. X14/X18/X26 Cromax,810406,22.25,4.00,Pcs,89.00,STD
203783,Shaft D30 tilt cylinder X12 Cromax,810406,21.08,4.00,Pcs,84.32,STD
203784,Shaft D70 Tilt rear X26 cromax,050201,37.10,6.00,Pcs,222.60,STD
203785,Shaft D70 tilt front X20/26 Cromax,050301,40.58,1.00,Pcs,40.58,STD
203787,Shaft D50 tilt front X12 Cromax,810406,24.18,2.00,Pcs,48.36,STD
203900,Cover Tilt Cyl WU X04/X06/X07,030101,17.03,5.00,Pcs,85.15,STD
203900,Cover Tilt Cyl WU X04/X06/X07,QUARANTINE,17.03,1.00,Pcs,17.03,STD
203967,Hydraulic Block Tilt X04/X06/X07NewCyl,800606,50.25,2.00,Pcs,100.50,STD
203987,Shaft D35 Tilt X04 Cromax,050201,24.56,3.00,Pcs,73.68,STD
203989,Motor Cover X04/X06+ WU,030101,55.93,5.00,Pcs,279.65,STD
204085,Guiding Pin Tilt dia20 f7,810603,1.37,48.00,Pcs,65.76,STD
204085,Guiding Pin Tilt dia20 f7,QUARANTINE,1.37,2.00,Pcs,2.74,STD
204364,Swivel Unit X04/X06+/X07,050301,204.87,5.00,Pcs,"1,024.35",STD
204766,"Shims Flange X18 2333 0,3mm",800502,7.81,7.00,Pcs,54.67,STD
204767,"Shims Flange X18 2333 0,5mm",800502,5.93,16.00,Pcs,94.88,STD
204768,Shims Flange X18 2333 1mm,800502,2.76,5.00,Pcs,13.80,STD
205232,"Shims X12 AC -2333 0,2 mm",030102,5.22,10.00,Pcs,52.20,STD
205526,Bearing Axial X07,800602,35.31,2.00,Pcs,70.62,STD
205528,Shaft Tilt Cylinder X07,800503,20.51,2.00,Pcs,41.02,STD
205707,UC X18 B20 WU w bushings,020601,"1,496.60",1.00,Pcs,"1,496.60",STD
205776,Bearing Segment X07,030102,22.61,1.00,PR,22.61,STD
205778,"Shims Bearing X07 2333 0,2",810604,5.68,3.00,Pcs,17.04,STD
205793,Gripper Arm Single X07 FPL w bushings,040201,96.41,2.00,Pcs,192.82,STD
205794,Gripper Arm Double X07 FPL w bushings,040201,123.51,3.00,Pcs,370.53,STD
206059,"Bearing Slide 60,5x105x2,5",050301,7.36,8.00,Pcs,58.88,STD
206313,"Axial shims X18 0,3mm",********,4.78,1.00,Pcs,4.78,STD
206314,"Shims Axial X18 0,2mm",030102,22.83,4.00,Pcs,91.32,STD
206404,Beam Cyl Conn QC S45-50 FPL,810505,44.13,1.00,Pcs,44.13,STD
206425,"Axial Shims X26 0,3mm",030102,5.27,6.00,Pcs,31.62,STD
206762,Cylinder Support AC S45/S50,810405,27.78,2.00,Pcs,55.56,STD
206838,Shaft Gripper Cyl. X07/X12 Cromax,810406,15.77,9.00,Pcs,141.93,STD
206839,Shaft Long Gripper Cyl. X07/X12,810406,12.93,9.00,Pcs,116.37,STD
206844,UC X07 S50 Base,020104,597.40,3.00,Pcs,"1,792.20",STD
207066,Cover Hydraulic block X07,QUARANTINE,9.08,2.00,Pcs,18.16,STD
207080,Support Stud S45/S50,810603,3.40,2.00,Pcs,6.80,STD
207082,Guiding Knob S45/50,810604,4.04,2.00,Pcs,8.08,STD
207173,Bracket Connector Arm (Volvo FF),050201,6.50,2.00,Pcs,13.00,STD
207256,Wedge Shaft S60 FPL,050201,62.02,2.00,Pcs,124.04,STD
207257,Beam Cyl Conn S60,810504,74.84,1.00,Pcs,74.84,STD
207261,Support Stud S60,810604,5.63,5.00,Pcs,28.15,STD
207272,Wedge Shaft QCS40 FPL,810504,17.11,1.00,Pcs,17.11,STD
207273,Beam Cyl Conn QCS40 FPL,810404,177.87,1.00,Pcs,177.87,STD
207278,Guiding Knob QCS40 FPL,810605,18.92,7.00,Pcs,132.44,STD
207315,Piston S40 FPL,810603,5.78,4.00,Pcs,23.12,STD
207334,Spacer Shaft D25 SS5170,810507,7.78,4.00,Pcs,31.12,STD
207337,Support Cyl Grip AC S40 X04/06,810405,16.84,3.00,Pcs,50.52,STD
207484,Guiding Knob S60,810604,2.81,4.00,Pcs,11.24,STD
207501,Foundation Cover QC S70 FPL,030101,67.70,1.00,Pcs,67.70,STD
207503,Wedge Shaft S50,810504,25.68,2.00,Pcs,51.36,STD
207507,"Expander Part D80x40,5 QCS60/70 FPL",830202,14.70,7.00,Pcs,102.90,STD
207529,"Expander Part D70x40,5 QCS60/70 FPL",830202,13.33,3.00,Pcs,39.99,STD
207533,Clamp Part D65 QCS60/70 FPL Exp,830202,7.79,8.00,Pcs,62.32,STD
207549,Spacer Seal T10 shaft D80 QCS70,840301,10.61,6.00,Pcs,63.66,STD
207551,Spacer Seal T10 shaft D70 QCS70,840101,19.73,14.00,Pcs,276.22,STD
207559,"Spacer Seal T6,5 shaft D70 QCS60",840102,6.98,21.00,Pcs,146.58,STD
207560,"Spacer Seal T6,5 shaft D65 QCS60",840203,6.66,14.00,Pcs,93.24,STD
207561,"Spacer Seal T6,5 shaft D60 QCS60",840204,9.18,16.00,Pcs,146.88,STD
207563,Spacer Seal T8 shaftD45 QCS40X06,840108,5.13,36.00,Pcs,184.68,STD
207564,Spacer Seal T8 shaft D40 QCS40X06,840209,7.30,12.00,Pcs,87.60,STD
207565,Spacer Seal T8 shaftD35 QCS40X06,840209,6.72,35.00,Pcs,235.20,STD
207580,Spacer Seal T7 shaft D45 X07/X12,840207,9.56,18.00,Pcs,172.08,STD
207581,Spacer Seal T7 shaft D50 X07/X12,840206,5.94,38.00,Pcs,225.72,STD
207582,Spacer Seal T7 shaft D55 QC/X07/X12,840105,6.14,8.00,Pcs,49.12,STD
207602,Shaft D45 QCS40 FPL,830101,86.59,5.00,Pcs,432.95,STD
207611,Clamp Washer,810403,0.49,9.00,Pcs,4.41,STD
207612,Support Bolt Stud,810403,1.67,9.00,Pcs,15.03,STD
207614,Clamp plate,810403,0.46,8.00,Pcs,3.68,STD
207615,Support Ball-Bolt M14x2,810208,2.02,10.00,Pcs,20.20,STD
207616,Shaft D40 QCS40 FPL,830102,26.28,2.00,Pcs,52.56,STD
207616,Shaft D40 QCS40 FPL,830101,26.28,6.00,Pcs,157.68,STD
207618,Shaft Base D60 QCS45/50 FPL Exp,830201,66.25,3.00,Pcs,198.75,STD
207660,Cylinder Holder X18/X26/X32 FPL,810503,13.51,2.00,Pcs,27.02,STD
207688,Support Brace AC S70,030102,15.51,5.00,Pcs,77.55,STD
207689,Support Brace AC S60 for extra func,050301,11.10,2.00,Pcs,22.20,STD
207694,Foundation CoverX07/X12 S45/S50 FPL,030101,16.02,2.00,Pcs,32.04,STD
207703,Bellow Plate CAT 305.5E single,810202,18.04,26.00,Pcs,469.04,STD
207710,"Shims 0,2 mm S60 (Locking cylinder)",810606,2.14,7.00,Pcs,14.98,STD
207711,"Shims 0,3 mm S60 (Locking cylinder)",810605,1.89,1.00,Pcs,1.89,STD
207712,"Shims 0,2 mm S45/50 (Cylinder)",810605,2.77,4.00,Pcs,11.08,STD
207713,"Shims 0,3 mm S45/50 (Cylinder)",810605,4.04,5.00,Pcs,20.20,STD
207714,Piston S70 FPL,810501,9.63,4.00,Pcs,38.52,STD
207715,Piston S60 FPL,810603,12.11,2.00,Pcs,24.22,STD
207720,Expander Part D45x35,830202,14.51,7.00,Pcs,101.57,STD
207723,Expander Part D50x35,830202,8.79,9.00,Pcs,79.11,STD
207730,Connection Plate Indicator S70 FPL,050301,4.54,1.00,Pcs,4.54,STD
207732,Connection Plate Indicator S60 FPL,810404,3.36,1.00,Pcs,3.36,STD
207734,Connection Plate Indic. S45/S50 FPL,810404,9.08,1.00,Pcs,9.08,STD
207735,Connection Plate Indicator S40 FPL,810504,2.18,4.00,Pcs,8.72,STD
207749,Gear Pin X18-26,810604,2.84,13.00,Pcs,36.92,STD
207764,"Guiding Pin Tilt X04 L23,5",810604,5.95,2.00,Pcs,11.90,STD
207765,Support Ball-Bolt M12,810208,3.56,36.00,Pcs,128.16,STD
207766,GEOfit Glander Adapter,040204,8.30,11.00,Pcs,91.30,STD
207769,Cylinder Support Plate S60 FPL,800503,57.39,1.00,Pcs,57.39,STD
207771,Cylinder Support Plate S45/S50 FPL,800503,42.63,1.00,Pcs,42.63,STD
207772,Cylinder Support Plate S40 FPL,810403,13.20,2.00,Pcs,26.40,STD
207775,Shaft Base D80 QCS60 FPLW Expander,830201,112.10,2.00,Pcs,224.20,STD
207778,Shaft Base D65 QCS60 FPLW Expander,830202,52.55,2.00,Pcs,105.10,STD
207792,Segment Bearing X32,800504,94.52,2.00,Pcs,189.04,STD
207800,Shims Bearing X32 ,800603,6.69,2.00,Pcs,13.38,STD
207801,Shaft Gripper Cylinder Long X04/X06,810406,5.51,8.00,Pcs,44.08,STD
207802,Shaft Gripper Cylinder X04/X06,810406,4.76,2.00,Pcs,9.52,STD
207803,Shaft Gripper Arm X04/X06,800504,17.09,4.00,Pcs,68.36,STD
207812,Clamp Part D40 X07 Tilt Cyl Shaft,810503,6.31,1.00,Pcs,6.31,STD
207815,Expander Part D40x18 X07 Tilt Cyl,810503,4.84,2.00,Pcs,9.68,STD
207837,Plate Port adapter X04/X06/X07,810501,10.85,23.00,Pcs,249.55,STD
207838,Gear Wheel X32,030102,"2,955.67",1.00,Pcs,"2,955.67",STD
207841,Guiding Pin Motor X04/X06/X07,810605,1.66,6.00,Pcs,9.96,STD
207859,Guiding pin UC S70 X32 (dia25x 20) ,810604,7.41,14.00,Pcs,103.74,STD
207860,Support Plate Sensor Module X18,810407,20.43,2.00,Pcs,40.86,STD
207861,Support Plate Sensor Module X20/X26,810407,24.22,1.00,Pcs,24.22,STD
207864,Cover Hydraulic Block X18,030101,7.32,2.00,Pcs,14.64,STD
207865,Cover Hydraulic Block X20/X26/X32,030101,10.09,1.00,Pcs,10.09,STD
207869,"Shims Axial X32 0,3mm",030102,48.69,6.00,Pcs,292.14,STD
207870,Knob AC S40 FPL,810603,6.72,1.00,Pcs,6.72,STD
207885,Gripper Twin Arm X12 S45/S50 FPL w bushings,040203,134.80,11.00,Pcs,"1,482.80",STD
207885,Gripper Twin Arm X12 S45/S50 FPL w bushings,040201,134.80,2.00,Pcs,269.60,STD
207888,Foundation Cover QCS40 FPL,800503,8.32,3.00,Pcs,24.96,STD
207889,Support Plate Cent Lubr X20-X32,810507,18.92,1.00,Pcs,18.92,STD
207923,Cover Hydraulic block X12,030101,9.08,1.00,Pcs,9.08,STD
207924,Support Plate Sensor Module X12,810407,20.31,1.00,Pcs,20.31,STD
207945,Port Adapter Plate Right X32,810501,4.16,10.00,Pcs,41.60,STD
207946,Port Adapter Plate Left X32,810501,4.16,3.00,Pcs,12.48,STD
208010SP,Shaft D65 QCS60 FPL Expander,830101,86.00,7.00,Pcs,602.00,STD
208010SP,Shaft D65 QCS60 FPL Expander,830201,86.00,1.00,Pcs,86.00,STD
208011SP,Shaft D60 QCS60 FPL Expander,830201,112.16,6.00,Pcs,672.96,STD
208018,Indicator Bar Unit S45/50 FPL Green,810605,13.50,5.00,Pcs,67.50,STD
208019,Indicator Bar Unit S60 FPL Green,810604,13.75,4.00,Pcs,55.00,STD
208020,Indicator Bar Unit S70 FPL Green,810605,14.88,3.00,Pcs,44.64,STD
208026,Indicator Bar Unit S40 FPL Green,81 06 04,13.24,2.00,Pcs,26.48,STD
208036,Swivel Lock WU X18 S60 FPL,810404,18.40,5.00,Pcs,92.00,STD
208049,Gripper Twin Arm X18/20 S60 FPL w bushings,040201,204.33,3.00,Pcs,612.99,STD
208054,Swivel Lock WU X20 S60 FPL,810404,48.94,1.00,Pcs,48.94,STD
208063SP,Gripper Unit X26/X32 S70 FPL,040801,"1,973.02",4.00,Pcs,"7,892.08",STD
208063SP,Gripper Unit X26/X32 S70 FPL,040802,"1,973.02",1.00,Pcs,"1,973.02",STD
208067,Gripper Twin Arm X26/X32 S70 FPL w bushings,040201,207.55,2.00,Pcs,415.10,STD
208068,Swivel Lock WU X26 S70 FPL,810404,22.69,1.00,Pcs,22.69,STD
208089,Swivel Lock WU X12 FPL,810404,18.41,4.00,Pcs,73.64,STD
208107SP,"Shaft D44,4 X07 DF Expander L=354",830101,99.28,5.00,Pcs,496.40,STD
208111,UC X26 S70 Base Cast w bushings,020303,"1,430.03",3.00,Pcs,"4,290.09",STD
208111,UC X26 S70 Base Cast w bushings,020504,"1,430.03",2.00,Pcs,"2,860.06",STD
208111,UC X26 S70 Base Cast w bushings,020404,"1,430.03",1.00,Pcs,"1,430.03",STD
208112,Indicator Bar Unit S60 FPL Red,810604,15.64,7.00,Pcs,109.48,STD
208113,Indicator Bar Unit S70 FPL Red,810605,20.56,2.00,Pcs,41.12,STD
208114,Indicator Bar Unit S45/50 FPL Red,810605,17.41,2.00,Pcs,34.82,STD
208115,Indicator Bar Unit S40 FPL Red,810605,18.04,8.00,Pcs,144.32,STD
208122,FPL Unit S70 Heavy,810502,166.87,2.00,Pcs,333.74,STD
208128SP,"Shaft D49,8 X07/QCS45/50 FPL Exp",830102,100.17,2.00,Pcs,200.34,STD
208145SP,Shaft D70 QCS60 FPLW Expander,830202,162.07,2.00,Pcs,324.14,STD
208146SP,Shaft D65 QCS60 FPLW Expander,830202,95.61,4.00,Pcs,382.44,STD
208147SP,Shaft D60 QCS60 FPLW Expander,830201,117.40,1.00,Pcs,117.40,STD
208150,Cylinder Gripper S40 X04/X06/X07 FPL L/R,040102,197.02,2.00,Pcs,394.04,STD
208152,Shaft D75 Tilt X32,050201,91.42,4.00,Pcs,365.68,STD
208153,Shaft D40 Tilt Cylinder X32,810505,44.13,4.00,Pcs,176.52,STD
208163SP,Shaft Tilt Cylinder D40 X07 Exp,810503,52.93,2.00,Pcs,105.86,STD
208163SP,Shaft Tilt Cylinder D40 X07 Exp,QUARANTINE,52.93,1.00,Pcs,52.93,STD
208165,Cylinder Support S45/S50 X12 Left,810404,91.40,1.00,Pcs,91.40,STD
208168,Joystick Angle Adjustm. Unit M12,810208,14.96,2.00,Pcs,29.92,STD
208179,Cylinder Tilt X32 Left/Right,040201,535.58,1.00,Pcs,535.58,STD
208183,Swivel Lock WU X32 S70 FPL,810404,54.11,1.00,Pcs,54.11,STD
208195SP,Gripper Unit X12 S45/S50FPL/HS08,040603,"1,944.27",3.00,Pcs,"5,832.81",STD
208205,Cover Sensor X32,810207,16.71,1.00,Pcs,16.71,STD
208219,"Switch, XControl FNR (Gen3)",810205,82.14,3.00,Pcs,246.42,STD
208324,FPL Unit S60 Heavy Grease G2,810502,161.04,4.00,Pcs,644.16,STD
208345,Port adapter Left X18 X26 B20 S70,810501,4.04,1.00,Pcs,4.04,STD
208346,Port adapter Right X18 X26 B20 S70,810501,4.04,11.00,Pcs,44.44,STD
208347,Port adapter Plate 2+1 hole X12/X18,810501,2.77,35.00,Pcs,96.95,STD
208353,Shaft Clamp Plate QCS40 FPLW,810602,4.29,20.00,Pcs,85.80,STD
208357,Lock Segment Right S60 FPL Heavy G,830102,28.13,1.00,Pcs,28.13,STD
208373,Shaft D40 X04 DF Cast,830101,28.85,1.00,Pcs,28.85,STD
208374,Shaft D35 X04 DF Cast,830102,27.94,8.00,Pcs,223.52,STD
208377,Shaft D35 X04 DF Cast Short (CC130-205),830101,42.43,3.00,Pcs,127.29,STD
208416,Mounting plate EC 140/EC210/EC250,050101,27.24,3.00,Pcs,81.72,STD
208463,Support Plate Cent Lubr X04/X06/X07,030101,19.42,4.00,Pcs,77.68,STD
208480,Tilt cylinder ext. plate X04/X06+,810604,6.94,2.00,Pcs,13.88,STD
208492,Bracket WS Block Volvo EW160D/140E,810108,9.71,1.00,Pcs,9.71,STD
208505,Spacer T1 shaft D45 QCS45 X07,840107,0.94,27.00,Pcs,25.38,STD
208506,Spacer T2 shaft D45 QCS45-S50 X07,840207,1.63,28.00,Pcs,45.64,STD
208507,Spacer T3 shaft D45 X07,840207,2.33,28.00,Pcs,65.24,STD
208508,Spacer T5 shaft D45 X07,840207,5.05,33.00,Pcs,166.65,STD
208509,Spacer T10 shaft D45 X07/X12,840307,5.93,29.00,Pcs,171.97,STD
208510,Spacer T15 shaft D45 X07,840307,7.44,35.00,Pcs,260.40,STD
208511,Spacer T20 shaft D45 X07,840307,8.96,42.00,Pcs,376.32,STD
208512,Spacer T25 shaft D45 X07,840307,10.34,17.00,Pcs,175.78,STD
208513,Spacer T1 shaft D50 QCS45 X07,840106,0.94,58.00,Pcs,54.52,STD
208514,Spacer T2 shaft D50 QCS45 X07,840106,1.63,26.00,Pcs,42.38,STD
208515,Spacer T3 shaft D50 QCS45 X07,840106,2.26,16.00,Pcs,36.16,STD
208516,Spacer T5 shaft D50 QCS45/50 X07/12,840206,3.78,20.00,Pcs,75.60,STD
208517,Spacer T10 shaft D50 QCS45 X07,840206,7.82,36.00,Pcs,281.52,STD
208518,Spacer T15 shaft D50 QCS45 X07,840206,7.82,24.00,Pcs,187.68,STD
208519,Spacer T20 shaft D50 QCS45 X07,840306,12.36,16.00,Pcs,197.76,STD
208520,Spacer T25 shaft D50 QCS45 X07,840306,10.47,14.00,Pcs,146.58,STD
208521,Spacer T1 Shaft D55 QC X07/12,840306,0.95,25.00,Pcs,23.75,STD
208522,Spacer T2 Shaft D55 QC X07/12,840105,1.65,27.00,Pcs,44.55,STD
208524,Spacer T5 shaft D55 QCS45 X07,840105,6.18,29.00,Pcs,179.22,STD
208526,Spacer T15 shaft D55 QCS45 X07,840205,10.09,8.00,Pcs,80.72,STD
208527,Spacer T20 Shaft D55 QC X07/12,840205,9.96,13.00,Pcs,129.48,STD
208539,Spacer T1 Shaft D35 QCS40 FPL,840109,0.70,42.00,Pcs,29.40,STD
208540,Spacer T2 Shaft D35 QCS40 FPL,840109,1.29,57.00,Pcs,73.53,STD
208541,Spacer T3 Shaft D35 QCS40 FPL,840109,1.56,31.00,Pcs,48.36,STD
208542,Spacer T5 Shaft D35 QCS40 FPL,840109,4.41,26.00,Pcs,114.66,STD
208547,Spacer T1 Shaft D40 QCS40 FPL,840109,0.71,62.60,Pcs,44.45,STD
208548,Spacer T2 Shaft D40 QCS40 FPL,840109,1.14,22.00,Pcs,25.08,STD
208549,Spacer T3 Shaft D40 QCS40 FPL,840209,1.63,10.00,Pcs,16.30,STD
208550,Spacer T5 Shaft D40 QCS40 FPL,840209,5.42,43.00,Pcs,233.06,STD
208551,Spacer T10 Shaft D40 QCS40 FPL,840209,6.94,3.00,Pcs,20.82,STD
208553,Spacer T20 Shaft D40 QCS40 FPL,840309,8.96,23.00,Pcs,206.08,STD
208555,Spacer T1 Shaft D45 QCS40 FPL,840309,0.73,78.00,Pcs,56.94,STD
208556,Spacer T2 Shaft D45 QCS40 FPL,840309,1.16,25.00,Pcs,29.00,STD
208557,Spacer T3 Shaft D45 QCS40 FPL,840309,1.65,33.00,Pcs,54.45,STD
208558,Spacer T5 Shaft D45 QCS40 FPL,840108,3.78,17.00,Pcs,64.26,STD
208559,Spacer T10 Shaft D45 X06 QCS40 FPL,840108,4.92,37.00,Pcs,182.04,STD
208561,Spacer T20 Shaft D45 QCS40 FPL,840208,31.16,9.00,Pcs,280.44,STD
208564,Spacer T1 Shaft D60 QCS60 FPL,840104,1.18,34.00,Pcs,40.12,STD
208565,Spacer T2 Shaft D60 QCS60 FPL,840104,2.00,43.00,Pcs,86.00,STD
208566,Spacer T3 Shaft D60 QCS60 FPL,840204,2.79,37.00,Pcs,103.23,STD
208567,Spacer T5 Shaft D60 QCS60 FPL,840204,4.35,42.00,Pcs,182.70,STD
208568,Spacer T10 Shaft D60 QCS60 FPL,840204,6.24,43.00,Pcs,268.32,STD
208569,Spacer T15 Shaft D60 QCS60 FPL,840304,10.22,6.00,Pcs,61.32,STD
208570,Spacer T20 Shaft D60 QCS60 FPL,840304,12.49,7.00,Pcs,87.43,STD
208572,Spacer T1 Shaft D65 QCS60 FPL,840103,1.13,38.00,Pcs,42.94,STD
208573,Spacer T2 Shaft D65 QCS60 FPL,840103,2.00,38.00,Pcs,76.00,STD
208574,Spacer T3 Shaft D65 QCS60 FPL,840103,2.79,25.00,Pcs,69.75,STD
208575,Spacer T5 Shaft D65 QCS60 FPL,840103,4.92,31.00,Pcs,152.52,STD
208576,Spacer T10 Shaft D65 QCS60 FPL,840203,7.19,1.00,Pcs,7.19,STD
208577,Spacer T15 Shaft D65 QCS60 FPL,840203,9.08,25.00,Pcs,227.00,STD
208578,Spacer T20 Shaft D65 QCS60 FPL,840203,10.60,40.00,Pcs,424.00,STD
208579,Spacer T25 Shaft D65 QCS60 FPL,840303,11.79,16.00,Pcs,188.64,STD
208580,Spacer T1 shaft D70 QCS60 FPL,840102,1.19,52.00,Pcs,61.88,STD
208581,Spacer T2 shaft D70 QCS60 FPL,840102,2.01,33.00,Pcs,66.33,STD
208582,Spacer T3 shaft D70 QCS60 FPL,840102,2.80,53.00,Pcs,148.40,STD
208583,Spacer T5 shaft D70 QCS60 FPL,840102,5.30,36.00,Pcs,190.80,STD
208584,Spacer T10 shaft D70 QCS60 FPL,840202,8.07,25.00,Pcs,201.75,STD
208587,Spacer T25 shaft D70 QCS60 FPL,840202,21.70,26.00,Pcs,564.20,STD
208588,Spacer T1 shaft D75 QCS60 FPL,840202,1.20,18.00,Pcs,21.60,STD
208589,Spacer T2 shaft D75 QCS60 FPL,840202,2.02,1.00,Pcs,2.02,STD
208596,Spacer T1 Shaft D80 QCS60 FPL,840302,1.15,16.00,Pcs,18.40,STD
208597,Spacer T2 Shaft D80 QCS60 FPL,840302,2.02,11.00,Pcs,22.22,STD
208598,Spacer T3 Shaft D80 QCS60 FPL,840302,3.58,8.00,Pcs,28.64,STD
208599,Spacer T5 Shaft D80 QCS60 FPL,840302,5.99,8.00,Pcs,47.92,STD
208621,Spacer T1 Shaft D70 QCS70 FPL,840101,1.88,71.00,Pcs,133.48,STD
208623,Spacer T3 Shaft D70 QCS70 FPL,840101,4.61,49.00,Pcs,225.89,STD
208637,Spacer T1 Shaft D80 QCS70 FPL,840201,1.89,27.00,Pcs,51.03,STD
208638,Spacer T2 Shaft D80 QCS70 FPL,840201,3.27,44.00,Pcs,143.88,STD
208639,Spacer T3 Shaft D80 QCS70 FPL,840201,4.62,18.00,Pcs,83.16,STD
208640,Spacer T5 Shaft D80 QCS70 FPL,840201,11.86,16.00,Pcs,189.76,STD
208641,Spacer T10 Shaft D80 QCS70 FPL,840201,9.59,17.00,Pcs,163.03,STD
208643,Spacer T20 Shaft D80 QCS70 FPL,840201,15.51,12.00,Pcs,186.12,STD
208657,Spacer T30 shaft D45 X07/X12,840106,9.84,45.00,Pcs,442.80,STD
208658,Spacer T30 shaft D50 QCS45 X07,840306,11.98,10.00,Pcs,119.80,STD
208665,Spacer T30 Shaft D65 QCS60 FPL,840303,14.51,2.00,Pcs,29.02,STD
208666,Spacer T35 Shaft D65 QCS60 FPL,840303,13.87,4.00,Pcs,55.48,STD
208685,Spacer T30 Shaft D80 QCS70 FPL,840201,19.30,2.00,Pcs,38.60,STD
208685,Spacer T30 Shaft D80 QCS70 FPL,840305,19.30,38.00,Pcs,733.40,STD
208702,Spacer T1 shaft D60 QCS45 X07,840205,0.96,34.00,Pcs,32.64,STD
208703,Spacer T2 shaft D60 QCS45 X07,840205,2.52,21.00,Pcs,52.92,STD
208704,Spacer T3 shaft D60 QCS45 X07,840205,2.29,26.00,Pcs,59.54,STD
208705,Spacer T5 shaft D60 QCS45 X07,840305,5.93,28.00,Pcs,166.04,STD
208706,Spacer T10 shaft D60 QCS45 X07,840305,6.94,10.00,Pcs,69.40,STD
208708,Spacer T20 shaft D60 QCS45 X07,840104,9.21,16.00,Pcs,147.36,STD
208717,Cover Hydraulic Block WU X04/X06+,030101,27.43,1.00,Pcs,27.43,STD
208742,Spacer Seal T7 shaft D60 QCS45 X12,840305,7.82,45.00,Pcs,351.90,STD
208789,Spacer Seal T10 Shaft D50 QC X12 ,840206,22.83,62.00,Pcs,"1,415.46",STD
208791,"Expander Part D90x40,5 QCS70 FPLW",830202,25.67,5.00,Pcs,128.35,STD
208797,Shaft Base D90 QCS70 FPLW Exp,830201,109.02,4.00,Pcs,436.08,STD
208804,Clamp Part D90 QCS70 FPLW Exp,830202,17.11,4.00,Pcs,68.44,STD
208825,Bracket Dual feeder JCB JS 145-175,050201,24.47,1.00,Pcs,24.47,STD
208828,UC X20 S60 WU w bushing,020401,"3,020.90",3.00,Pcs,"9,062.70",STD
208841,Cylinder Tilt X20 Left/Right,030102,320.51,2.00,Pcs,641.02,STD
208856,"Bearing Slide 50,2x80x2,5 w hole",800601,3.70,13.00,Pcs,48.10,STD
208870,Tube Motor X04/X06 Upper (White),810401,21.61,3.00,Pcs,64.83,STD
208871,Tube Motor X04/X06 Lower (White),810401,22.03,3.00,Pcs,66.09,STD
208872,Tube Motor X07 Lower (White),810401,0.00,4.00,Pcs,0.00,STD
208873,Tube Motor X07 Upper (White),810401,0.00,4.00,Pcs,0.00,STD
209022,Cover Plate EW60,030101,5.55,1.00,Pcs,5.55,STD
209076,Hydraulic Block CS10 X04-X07 DT,800503,"1,149.26",3.00,Pcs,"3,447.78",STD
209082,Spacer T1 shaft D40 QCS45 X07,840208,6.94,16.00,Pcs,111.04,STD
209083,Spacer T2 shaft D40 QCS45 X07,840308,5.93,16.00,Pcs,94.88,STD
209084,Spacer T3 shaft D40 QCS45 X07,840308,10.85,16.00,Pcs,173.60,STD
209085,Spacer T5 shaft D40 QCS45 X07,840308,4.67,16.00,Pcs,74.72,STD
209086,Spacer T10 shaft D40 QCS45 X07,840308,10.97,4.00,Pcs,43.88,STD
209087,Spacer T15 shaft D40 QCS45 X07,840107,12.11,16.00,Pcs,193.76,STD
209088,Spacer T20 shaft D40 QCS45 X07,840107,12.87,16.00,Pcs,205.92,STD
209090,Spacer T30 shaft D40 QCS45 X07,840303,14.88,2.00,Pcs,29.76,STD
209117,Spacer T1 Shaft D90 QCS70 FPL,840301,1.90,12.00,Pcs,22.80,STD
209118,Spacer T2 Shaft D90 QCS70 FPL,840301,3.28,8.00,Pcs,26.24,STD
209120,Spacer T5 Shaft D90 QCS70 FPL,840301,8.58,10.00,Pcs,85.80,STD
209121,Spacer T10 Shaft D90 QCS70 FPL,840301,13.62,24.00,Pcs,326.88,STD
209124,Spacer T25 Shaft D90 QCS70 FPL,840301,21.57,10.00,Pcs,215.70,STD
209127,"Axial Shims X04/X06 0,2mm",800504,11.86,3.00,Pcs,35.58,STD
209128,Mount. Pl. Offset Boom Valve ECR88,810202,7.95,1.00,Pcs,7.95,STD
209132,Spacer Seal T10 shaft D90 QCS70 VCE,840401,14.79,19.00,Pcs,281.01,STD
209141,Shaft Tilt Cylinder X12 Central Lub,810504,13.21,2.00,Pcs,26.42,STD
209143,Shaft Tilt CylinderX18-X26 Cent Lub,810405,14.88,2.00,Pcs,29.76,STD
209168,Shaft D30 Tilt X07 Central Lubr,QUARANTINE,25.39,1.00,Pcs,25.39,STD
209200,Foundation Cover S60 FPL,030101,20.69,2.00,Pcs,41.38,STD
209308,Volvo ECU Base Plate,030101,67.00,2.00,Pcs,134.00,STD
209321,"Support Ball-Bolt M14x1,5",810208,5.64,38.00,Pcs,214.32,STD
209325,"Axial shims 0,2 X07",800504,20.06,2.00,Pcs,40.12,STD
209327,Spacer T43 shaft D60 QCS45,840104,18.42,13.00,Pcs,239.46,STD
209349SP,Shaft D50 DF X12 Expander,830101,103.79,3.00,Pcs,311.37,STD
209349SP,Shaft D50 DF X12 Expander,STALLED,103.79,2.00,Pcs,207.58,STD
209451,Indicator Bar Unit Red SQ60-5,800302,16.90,6.00,Pcs,101.40,STD
209452,Indicator Bar Unit Green SQ60-5,800302,15.26,6.00,Pcs,91.56,STD
209475SP,"Shaft D44,5 DF X12 Expander",830101,94.94,2.00,Pcs,189.88,STD
209480,Screw MC6SPB M6 H8x30 Mod.,800302,1.92,4.00,Pcs,7.68,STD
209480,Screw MC6SPB M6 H8x30 Mod.,850108,1.92,9.00,Pcs,17.28,STD
209491,UC WU X20 SQ60-5,020302,"2,362.00",2.00,Pcs,"4,724.00",STD
209507,Indicator Bar Unit SQ70-5 FPL Red,800601,18.42,2.00,Pcs,36.84,STD
209508,Indicator Bar Unit SQ70-5 FPL Green,810601,20.69,2.00,Pcs,41.38,STD
209518,UC X26 SQ70 -V1,020403,"4,201.50",3.00,Pcs,"12,604.50",STD
209522,Electrical Conn. Receptable 10 pol,810302,196.14,2.00,Pcs,392.28,STD
209531,UC X14 S50 WU w bushing,020304,"1,018.53",3.00,Pcs,"3,055.59",STD
209535SP,Door Unit SQ60-5,800204,113.74,1.00,Pcs,113.74,STD
209549,Cylinder Tilt X14 with valves,030103,367.87,3.00,Pcs,"1,103.61",STD
209573,UC Base X20 SQ60-5,020302,"1,480.00",1.00,Pcs,"1,480.00",STD
209639,"Shaft D37,8 X04 DF Cast",830101,28.89,7.00,Pcs,202.23,STD
209773,Shaft D30 X04 DF Cast,830102,34.23,12.00,Pcs,410.76,STD
209774,Shaft D30 X04 DF Cast Short,830102,42.47,12.00,Pcs,509.64,STD
209820,Piston SQ60-5,800507,7.06,3.00,Pcs,21.18,STD
209825,Indicator Conn. Brace SQ60-5,800406,10.60,5.00,Pcs,53.00,STD
209829,Support Bush,800406,4.71,4.00,Pcs,18.84,STD
209830,Position Guide Stud SQ60-5,800302,5.68,9.00,Pcs,51.12,STD
209874,Worm Turning Tool ,800507,28.76,1.00,Pcs,28.76,STD
209880,Gear Wheel X07 N,030102,598.54,1.00,Pcs,598.54,STD
209885,Worm X20/X26 N,030102,361.41,2.00,Pcs,722.82,STD
209932,Position Guide Stud SQ70,810601,10.17,4.00,Pcs,40.68,STD
209933,Piston SQ70,810601,13.09,6.00,Pcs,78.54,STD
209941,Cover Positioning Bar SQ70,800408,8.43,2.00,Pcs,16.86,STD
210000,Spacer T1 Shaft D50 QCS40 FPL,840208,3.53,2.00,Pcs,7.06,STD
210001,Spacer T2 Shaft D50 QCS40 FPL,840208,1.16,6.00,Pcs,6.96,STD
210002,Bracket Tilt Cyl X32 Lubr B,050301,167.38,2.00,Pcs,334.76,STD
210015SP,"Shaft D49,8 DF X12 Expander",830101,130.46,3.00,Pcs,391.38,STD
210022,FPL Unit S45/S50,810502,115.68,4.00,Pcs,462.72,STD
210153,"Valve, GR-AUX Changeover X04-X07",800503,326.52,2.00,Pcs,653.04,STD
210179,Bracket WS Block EW60,050301,25.73,7.00,Pcs,180.11,STD
210183,Cylinder Tilt X32 with valves,040201,518.66,4.00,Pcs,"2,074.64",STD
210186,Support Grip Cyl X04/X06 Extra+Grip,810501,21.28,3.00,Pcs,63.84,STD
210190,Expander Part D30x19,810401,5.14,1.00,Pcs,5.14,STD
210191SP,Shaft D30 Tilt Cyl X04-X06 Expander,810401,42.02,4.00,Pcs,168.08,STD
210192,TR Harness mount EW60E 8m cable,800206,345.86,1.00,Pcs,345.86,STD
210198,Port adapter Plate X12-X26 DF,800502,17.53,5.00,Pcs,87.65,STD
210208,Piston Assembly 60-5,810502,133.83,6.00,Pcs,802.98,STD
210209,Cylinder gland assembly 60-5,810408,60.92,2.00,Pcs,121.84,STD
210218,Spacer T2 Shaft D32 QCS40 FPL,840109,1.13,8.00,Pcs,9.04,STD
210219,Spacer T3 Shaft D32 QCS40 FPL,840109,8.07,8.00,Pcs,64.56,STD
210244,"Guiding ring socket SQ 1/4""-3/8""",800202,14.15,3.00,Pcs,42.45,STD
210245,"Guiding ring socket SQ 1/2""",800202,15.01,3.00,Pcs,45.03,STD
210246,"Guiding ring socket SQ 3/4""",800202,21.69,4.00,Pcs,86.76,STD
210247,"Guiding ring socket SQ 1""",800202,21.04,4.00,Pcs,84.16,STD
210277,Cover for Central Lubr X04/X0,810603,8.40,2.00,Pcs,16.80,STD
210280,Cylinder Gripper S45/50 X12/X14 FPL L/R,040102,243.31,11.00,Pcs,"2,676.41",STD
210292,"Quick Coupling Unit Male 3/8""",800303,32.68,3.00,Pcs,98.04,STD
210293,"Quick Coupling Unit Male 1/2""",800303,27.43,8.00,Pcs,219.44,STD
210357SP,Shaft D50 DF X06 Expander,830101,91.05,3.00,Pcs,273.15,STD
210359SP,Shaft D45 DF X07 Expander,830101,85.71,4.00,Pcs,342.84,STD
210360,Shaft base D45 X06 DF Exp,830102,53.51,1.00,Pcs,53.51,STD
210361SP,Shaft D45 DF X06 Expander,830102,84.79,4.00,Pcs,339.16,STD
210404,FPL Unit S70 Heavy Grease,810501,235.95,2.00,Pcs,471.90,STD
210445SP,Shaft Gripper Arm X07/X12 Expander,800603,56.84,1.00,Pcs,56.84,STD
210507,Shims SSG25_SMG25,810602,5.79,10.00,Pcs,57.90,STD
210508,"Expander shaft unit D40 L=163,5mm",830101,131.30,2.00,Pcs,262.60,STD
210510,Expander sleeve D40,830202,11.12,10.00,Pcs,111.20,STD
210511,Expander washer D40,830202,5.56,10.00,Pcs,55.60,STD
210516,Expander shaft unit D40 L=273mm,830102,111.40,4.00,Pcs,445.60,STD
210574,"Guiding ring, 1/4""-3/8""",800202,6.43,13.00,Pcs,83.59,STD
210575,"Guiding ring, 1/2""",800202,6.97,17.00,Pcs,118.49,STD
210576,"Guiding ring, 3/4""",800202,9.49,11.00,Pcs,104.39,STD
210577,"Guiding ring, 1""",800202,10.17,2.00,Pcs,20.34,STD
210629,"Strainer G1/4"" 350my",800502,12.48,1.00,Pcs,12.48,STD
210629,"Strainer G1/4"" 350my",810602,12.48,1.00,Pcs,12.48,STD
210630,Cover Hydraulic Block X04/X06,030101,8.58,1.00,Pcs,8.58,STD
210707,Expander sleeve D50,830202,7.67,5.00,Pcs,38.35,STD
210709,Expander washer D50,830202,4.18,2.00,Pcs,8.36,STD
210711,Expander D50 assy L=108mm,830101,115.74,6.00,Pcs,694.44,STD
210713,Expander assy D50 L=339mm,830102,176.50,2.00,Pcs,353.00,STD
210715,Expander D50 assy L=175mm,830101,140.34,2.00,Pcs,280.68,STD
210721,BOA S60 CC540 (12xM16),010604,890.39,14.00,Pcs,"12,465.46",STD
210721,BOA S60 CC540 (12xM16),010603,890.39,4.00,Pcs,"3,561.56",STD
210776,BOA SQ60-5 CC540,010602,"1,121.21",3.00,Pcs,"3,363.63",STD
210817,Washer D55 d37 t3,830201,1.06,28.00,Pcs,29.68,STD
210848,Spacer T1 Shaft D30 QCS30 ,840109,0.52,28.00,Pcs,14.56,STD
210849,Spacer T1 Shaft D35 D32 QCS30,840109,0.62,12.00,Pcs,7.44,STD
210852,Spacer Seal T9 shaft D30 QCS30,840109,3.13,18.00,Pcs,56.34,STD
210854,Spacer Seal T15 shaft D35 QCS30,840109,55.80,4.00,Pcs,223.20,STD
210984,"Expander assy D30 L=296,5mm",830102,85.86,1.00,Pcs,85.86,STD
210991,"Expander assy D30 L=403,5mm",830102,105.55,8.00,Pcs,844.40,STD
210993,"Expander assy D30 L=284,5mm",830102,84.22,1.00,Pcs,84.22,STD
211014,Cutting edge SG20,030104,61.41,1.00,Pcs,61.41,STD
211027,"Male dummy 3/4"" SQ60-SQ65",810304,17.26,23.00,Pcs,396.98,STD
211029,"Male Dummy 1/2"" SQ60-65",810304,14.00,7.00,Pcs,98.00,STD
211031,"Male Dummy 1/4"" - 3/8"" SQ60/65",810304,12.23,14.00,Pcs,171.22,STD
211032,Expander assy D30 L=125mm,830101,59.46,4.00,Pcs,237.84,STD
211035,Shims SMG20_SSG20,810603,3.78,26.00,Pcs,98.28,STD
211044,Tube gripper X04/X06,810402,8.32,10.00,Pcs,83.20,STD
211045,"Expanding ring 1/4""-3/8""",800202,13.12,14.00,Pcs,183.68,STD
211046,"Expanding ring 1/2""",800202,9.78,24.00,Pcs,234.72,STD
211047,"Expanding ring 3/4""",800202,11.06,10.00,Pcs,110.60,STD
211058,H-Cylinder Assy SQ70,030104,"1,421.17",1.00,Pcs,"1,421.17",STD
211072,Expander assy D30 L=253mm,830102,78.71,3.00,Pcs,236.13,STD
211081,Cover Plate rear SQ60,030101,27.24,1.00,Pcs,27.24,STD
211138,"Male Unit 3/4"" Short BSP SQ60-65",800203,55.42,12.00,Pcs,665.04,STD
211139,"Male Unit 3/4"" Short ORFS SQ60",800203,58.83,12.00,Pcs,705.96,STD
211140,"Male Unit 1"" Short BSP SQ70-SQ90",800301,61.53,2.00,Pcs,123.06,STD
211141,"Male Unit 1"" Long BSP SQ70-70/55",050202,72.97,5.00,Pcs,364.85,STD
211142,"Male Unit 1"" Short ORFS SQ70-90",810303,63.58,14.00,Pcs,890.12,STD
211143,"Male Unit 1"" Long ORFS SQ70-70/55",050202,75.53,1.00,Pcs,75.53,STD
211144,Cover Part QC S60,030201,9.71,1.00,Pcs,9.71,STD
211149,BOA S70 CC540 (16xM16),010601,"1,160.74",4.00,Pcs,"4,642.96",STD
211149,BOA S70 CC540 (16xM16),010401,"1,160.74",3.00,Pcs,"3,482.22",STD
211175,BOA SQ70 CC540,010402,"1,961.27",1.00,Pcs,"1,961.27",STD
211175,BOA SQ70 CC540,010501,"1,961.27",2.00,Pcs,"3,922.54",STD
211179,Cover plate adapter SQ70,030201,48.56,2.00,Pcs,97.12,STD
211184,BOA S50 CC460,010203,613.07,1.00,Pcs,613.07,STD
211184,BOA S50 CC460,010304,613.07,2.00,Pcs,"1,226.14",STD
211184,BOA S50 CC460,010202,613.07,1.00,Pcs,613.07,STD
211184,BOA S50 CC460,010303,613.07,3.00,Pcs,"1,839.21",STD
211193,Cover Plate QC S40,030101,7.87,2.00,Pcs,15.74,STD
211219,BOA S40 CC460,010303,462.94,5.00,Pcs,"2,314.70",STD
211234,SMG20 link with bushings,040101,264.94,2.00,Pcs,529.88,STD
211286,Expander sleeve D30,830202,16.68,7.00,Pcs,116.76,STD
211358,"Quick coupling Unit Male 3/4""",800303,32.18,19.00,Pcs,611.42,STD
211381,Shims Flange X12 - 0.3 mm SS2333,800603,8.32,2.00,Pcs,16.64,STD
211382,Shims Flange X12 - 1.0 mm SS2333,800603,12.49,1.00,Pcs,12.49,STD
211399,BOA S70 CC630 M24,010504,"1,239.03",4.00,Pcs,"4,956.12",STD
211399,BOA S70 CC630 M24,010404,"1,239.03",1.00,Pcs,"1,239.03",STD
211399,BOA S70 CC630 M24,010601,"1,239.03",2.00,Pcs,"2,478.06",STD
211399,BOA S70 CC630 M24,010503,"1,239.03",2.00,Pcs,"2,478.06",STD
211449,Tube gripper X07,810402,9.12,5.00,Pcs,45.60,STD
211450,BOA S60 CC460,010401,801.44,2.00,Pcs,"1,602.88",STD
211450,BOA S60 CC460,010603,801.44,5.00,Pcs,"4,007.20",STD
211457,Spacer Manifold SQ80,050101,16.65,8.00,Pcs,133.20,STD
211493,Spring FPL2 indication,810503,1.17,9.00,Pcs,10.53,STD
211494SP,Gripper Unit X07 S45/S50 FPL +Extra,040603,"2,190.54",1.00,Pcs,"2,190.54",STD
211561,"Male Dummy 3/4"" SQ70-SQ90",810304,16.76,27.00,Pcs,452.52,STD
211562,"Male dummy 1/2"" SQ70/SQ90 -V1",810302,12.86,27.00,Pcs,347.22,STD
211591,"Quick coupling Unit Male 1""",800303,37.94,25.00,Pcs,948.50,STD
211685,"Male Unit 3/4"" Short BSP SQ70-SQ90",810303,57.37,13.00,Pcs,745.81,STD
211686,"Male Unit 3/4"" Long BSP SQ70-70/55",050202,66.68,2.00,Pcs,133.36,STD
211687,"Male Unit 3/4"" Short ORFS SQ70-90",800301,56.53,37.00,Pcs,"2,091.61",STD
211688,"Male Unit 3/4"" Long ORFS SQ70-70/55",050202,66.03,4.00,Pcs,264.12,STD
211722,BOA SQ60-5 CC460,010602,"1,213.31",3.00,Pcs,"3,639.93",STD
211722,BOA SQ60-5 CC460,010302,"1,213.31",1.00,Pcs,"1,213.31",STD
211732,BOA SQ70 CC630,010603,"1,993.02",1.00,Pcs,"1,993.02",STD
211732,BOA SQ70 CC630,060102,"1,993.02",1.00,Pcs,"1,993.02",STD
211732,BOA SQ70 CC630,010601,"1,993.02",1.00,Pcs,"1,993.02",STD
211739,SQ60-5 cc460 front cover plate,030201,43.01,1.00,Pcs,43.01,STD
211740,Front cover plate SQ70,030201,70.00,2.00,Pcs,140.00,STD
211771,"Male Unit 1/2"" short BSP SQ60/65",810305,47.50,12.00,Pcs,570.00,STD
211772,"Male Unit 1/2"" short ORFS SQ60",810305,49.22,25.00,Pcs,"1,230.50",STD
211783,"Male Unit 1/2"" long BSP SQ60/65",050202,70.49,3.00,Pcs,211.47,STD
211784,"Male Unit 1/2"" long ORFS SQ60",050202,58.25,10.00,Pcs,582.50,STD
211801,"Male Unit 1/2"" short BSP SQ70/90",810305,49.41,1.00,Pcs,49.41,STD
211802,"Male Unit 1/2"" short ORFS SQ70-90",810305,49.43,66.00,Pcs,"3,262.38",STD
211809,"Male Unit 1/2"" Long BSP SQ70/70-55",050202,73.03,2.00,Pcs,146.06,STD
211810,"Male Unit 1/2"" Long ORFS SQ70/70-55",050202,62.07,6.00,Pcs,372.42,STD
211827,"Male Unit 1/2"" Long BSP SQ80",800201,82.75,2.00,Pcs,165.50,STD
211828,"Male Unit 1/2"" Long ORFS SQ80",810303,65.81,3.00,Pcs,197.43,STD
211834,"Male Unit 3/4"" Long BSP SQ80",050202,73.30,2.00,Pcs,146.60,STD
211835,"Male Unit 3/4"" Long ORFS SQ80",050202,70.48,1.00,Pcs,70.48,STD
211844,"Male Unit 3/4"" Long BSP SQ60/65",050202,62.29,2.00,Pcs,124.58,STD
211845,"Male Unit 3/4"" Long ORFS SQ60",050202,66.27,7.00,Pcs,463.89,STD
211849,"Male Unit 1"" Long BSP SQ80",050202,77.86,2.00,Pcs,155.72,STD
211850,"Male Unit 1"" Long ORFS SQ80",050202,82.20,3.00,Pcs,246.60,STD
211868,"Hose Clamp 1""",800306,55.60,5.00,Pcs,278.00,STD
211944,Latch Shaft SQ80,810403,62.56,5.00,Pcs,312.80,STD
211946,Expander Part D110x58,830202,36.48,2.00,Pcs,72.96,STD
211948SP,Shaft D110 QCS80 FPL Expander,830201,526.41,1.00,Pcs,526.41,STD
211949,Rod lock SQ80,800407,4.32,2.00,Pcs,8.64,STD
211976,Cover Plate Bearing GRB1500-3000,050301,17.74,2.00,Pcs,35.48,STD
212000,Spacer Flange El.Connector,810302,7.80,7.00,Pcs,54.60,STD
212014,Moving Support Plate Base SQ60-5,050101,79.31,1.00,Pcs,79.31,STD
212120,Latch S80 SQ80,050101,146.06,3.00,Pcs,438.18,STD
212121,Pawl FPL2 S80,810308,111.50,5.00,Pcs,557.50,STD
212122,Lever SQ80 FPL2 S80,810308,42.38,6.00,Pcs,254.28,STD
212135,Locking Wedge SQ80,810402,102.04,2.00,Pcs,204.08,STD
212136,Piston rod shaft SQ80,810505,60.42,2.00,Pcs,120.84,STD
212138,Indicator Bar Green SQ80,800407,28.51,3.00,Pcs,85.53,STD
212139,Indicator Bar Red SQ70-55/SQ80,800405,7.32,5.00,Pcs,36.60,STD
212148,Indicator bracket SQ80,050201,34.43,4.00,Pcs,137.72,STD
212149,Cover Pos. Bar SQ80,800402,9.46,5.00,Pcs,47.30,STD
212159,Spacer Seal T5 D25 S30,840109,4.11,8.00,Pcs,32.88,STD
212501,Swivel Lock WU X18 HF,800505,19.29,1.00,Pcs,19.29,STD
212577,UC WU X04 DF,020101,468.60,1.00,Pcs,468.60,STD
212586,UC X04 S40 WU,020104,408.07,6.00,Pcs,"2,448.42",STD
212605,Cylinder Tilt X07 S40,830203,397.98,2.00,Pcs,795.96,STD
212606,UC X07 S40 base,020101,425.96,10.00,Pcs,"4,259.60",STD
212616,UC X07 S40 WU,020103,"2,057.00",1.00,Pcs,"2,057.00",STD
213095,"Male Unit 1/4"" Long ORFS SQ60",050202,59.85,2.00,Pcs,119.70,STD
213096,"Male Unit 3/8"" short BSP SQ60/65",810305,50.41,2.00,Pcs,100.82,STD
213097,"Male Unit 3/8"" short ORFS SQ60",810305,53.05,63.00,Pcs,"3,342.15",STD
213098,"Male Unit, 3/8"" Long,BSP,SQ60_SQ65",050202,56.06,4.00,Pcs,224.24,STD
213099,"Male Unit 3/8"" Long ORFS SQ60/65",050202,57.02,14.00,Pcs,798.28,STD
213104,Con manifold spl SQ70/55-SQ80,050101,199.75,3.00,Pcs,599.25,STD
213264,Con Manifold SQ70/55-SQ80 Straight,050101,141.28,1.00,Pcs,141.28,STD
213265,Con manifold spl SQ70,050101,169.31,2.00,Pcs,338.62,STD
213266,Connection Manifold SQ70 Straight,050101,142.00,3.00,Pcs,426.00,STD
213275,"Adapter 90d M22x1,5-15L",820104,5.41,7.00,Pcs,37.87,STD
213285,"Hose 3/4"" 180D SQ70-SQ80",810306,112.10,11.00,Pcs,"1,233.10",STD
213338,Port Adapter for HF,810501,9.16,22.00,Pcs,201.52,STD
213367,Port adapter Extra X18/X20 HF Left,030101,40.64,10.00,Pcs,406.40,STD
213370,Port adapter Extra X18/X20 HF Right,030101,40.64,10.00,Pcs,406.40,STD
213395,Asphalt cutter AC15-S60,060803,"1,328.34",1.00,Pcs,"1,328.34",STD
213432,H-Cylinder Assy SQ70/55 & SQ80,STALLED,"1,658.29",2.00,Pcs,"3,316.58",STD
213436,Opening rod SQ80 FPL2,800405,20.31,5.00,Pcs,101.55,STD
213437,Asphalt cutter AC10-S50,060801,"1,195.79",1.00,Pcs,"1,195.79",STD
213446,Asphalt cutter AC20-S70,060702,"1,834.13",1.00,Pcs,"1,834.13",STD
213456,"Adapter G1"" ED-ORFS 1-7/16""",820304,8.64,10.00,Pcs,86.40,STD
213457,"Adapter G3/4"" ED-ORFS 1-3/16""",820304,6.58,34.00,Pcs,223.72,STD
213480,Asphalt cutter AC5-S40,060802,"1,002.14",1.00,Pcs,"1,002.14",STD
213510,Clamp Weld extension plate,800505,1.39,16.00,Pcs,22.24,STD
213527,"Door Sealing 1/4""-3/8""",800204,2.47,16.00,Pcs,39.52,STD
213528,"Door Sealing 1/2""",800204,1.28,38.00,Pcs,48.64,STD
213529,"Door Sealing 3/4""",800204,2.79,42.00,Pcs,117.18,STD
213530,"Door Sealing 1""",800204,3.01,21.00,Pcs,63.21,STD
213550,Sweeper adapter plate Unit S40-S60,030301,7.69,12.00,Pcs,92.28,STD
213560,"Distance for Adapter - HPF, Sweeper",050101,7.19,12.00,Pcs,86.28,STD
213710,BOA S70 CC460,010301,"1,633.18",6.00,Pcs,"9,799.08",STD
213750,"Connection Manifold 1/4""",800505,117.35,2.00,Pcs,234.70,STD
213751,"Connection manifold 3/8""",800505,42.25,6.00,Pcs,253.50,STD
213777,Sweeper adapter Plate Unit S40,030301,88.42,11.00,Pcs,972.62,STD
213789,Connection manifold spl SQ60-5,050101,146.19,4.00,Pcs,584.76,STD
213790,Connection Manifold t2 SQ60-5,050101,80.30,3.00,Pcs,240.90,STD
213833,Distance for Sweeper adapter S40,050101,13.50,6.00,Pcs,81.00,STD
213932,"Spacer, manifold SQ70 & 90",050101,22.58,3.00,Pcs,67.74,STD
214121,"Cylinder Tilt X12 Prep, for LHV",030102,469.20,1.00,Pcs,469.20,STD
214154,Con Manifol t3 special SQ80 high,050102,218.21,10.00,Pcs,"2,182.10",STD
214175SP,Shaft D100 QCS80 FPL Expander,830201,418.82,1.00,Pcs,418.82,STD
214177,Expander Part D100x58,830202,27.87,2.00,Pcs,55.74,STD
214178,Clamp Part D100,830202,25.45,2.00,Pcs,50.90,STD
214182,Expander Part D90x58,830202,24.33,2.00,Pcs,48.66,STD
214260,"Sensor Plug, Rotation Zero, 10mm",800404,2.12,5.00,Pcs,10.60,STD
214311,Indicator shaft SQ80,800407,4.89,4.00,Pcs,19.56,STD
214350,Spacer T1 Shaft D90 QCS80 FPL,840403,9.96,31.00,Pcs,308.76,STD
214351,Spacer T2 Shaft D90 QCS80 FPL,840403,14.38,12.00,Pcs,172.56,STD
214352,Spacer T3 Shaft D90 QCS80 FPL,840403,4.54,6.00,Pcs,27.24,STD
214355,Spacer T15 Shaft D90 QCS80 FPL,840403,15.26,15.00,Pcs,228.90,STD
214356,Spacer T20 Shaft D90 QCS80 FPL,840401,52.72,4.00,Pcs,210.88,STD
214356,Spacer T20 Shaft D90 QCS80 FPL,840403,52.72,10.00,Pcs,527.20,STD
214357,Spacer T25 Shaft D90 QCS80 FPL,840403,49.82,4.00,Pcs,199.28,STD
214366,Spacer T20 Shaft D100 QCS80 FPL,840401,71.14,8.00,Pcs,569.12,STD
214370,Spacer T1 Shaft D110 QCS80 FPL,840403,2.40,10.00,Pcs,24.00,STD
214479,WOA S80,060301,826.00,2.00,Pcs,"1,652.00",STD
214713,Mount pl conn manifold 1/4-3/8-1/2,800505,9.96,2.00,Pcs,19.92,STD
214724,Front cover plate SQ60 cut,050101,9.71,1.00,Pcs,9.71,STD
214725,Rear cover plate SQ60,030201,14.51,2.00,Pcs,29.02,STD
214819,Clamp Part D80,830202,20.45,2.00,Pcs,40.90,STD
214961,Kit accumulator support MG/SG20,040101,16.37,1.00,Pcs,16.37,STD
214963,Kit accumulator support MG/SG40,040101,17.91,4.00,Pcs,71.64,STD
214964,Kit accumulator support MG/SG55,040101,24.36,2.00,Pcs,48.72,STD
215013,Bucket CBC15-S60 (380/300mm/250l),ZONE 6,"1,489.00",2.00,Pcs,"2,978.00",STD
215052,"Turning Block 2xG3/8"" 2xG1/4""",KIT SHELF 010104,101.95,9.00,Pcs,917.55,STD
215053,"Joystick Extension adapter M14X1,5",810208,19.65,8.00,Pcs,157.20,STD
215054,Wedge shaft S70-3 FPL,050101,59.23,3.00,Pcs,177.69,STD
215208,Indicator Pin RED QC SQ50-SQ70,800406,7.44,3.00,Pcs,22.32,STD
215218,Opening Rod QC SQ60 SQ65,800405,12.58,6.00,Pcs,75.48,STD
215219SP,Door Unit SQ70-5,800204,114.75,2.00,Pcs,229.50,STD
215262,UC Base X18 SQ60-5,020504,"3,435.90",1.00,Pcs,"3,435.90",STD
215264,Plate Rear Cover UC X18 SQ60,030101,35.19,2.00,Pcs,70.38,STD
215287,UC Base X20 SQ60-5 w bushing,020301,"2,287.35",1.00,Pcs,"2,287.35",STD
215424,"Rear cover, adapter, SQ80",030201,39.98,13.00,Pcs,519.74,STD
215448,WOA S70 with Hardened Shafts,060201,871.00,1.00,Pcs,871.00,STD
215489,"Hose clamp 1x1""+1x1/2"" kit",050201,25.69,5.00,Pcs,128.45,STD
215492,"Hose clamp 1x3/4""+1x1/2"" kit",050102,24.48,7.00,Pcs,171.36,STD
215521,Pawl Shaft SQ60,800406,5.33,7.00,Pcs,37.31,STD
215522,Lever SQ60,800406,9.58,6.00,Pcs,57.48,STD
215523,Locking Wedge SQ60 FPL2,810506,40.36,9.00,Pcs,363.24,STD
215524,Latch Shaft SQ60,800408,5.65,4.00,Pcs,22.60,STD
215530,Cover Pos. Bar SQ60,800406,5.87,2.00,Pcs,11.74,STD
215531,Indicator Pin Green QCSQ50-70,800406,8.36,1.00,Pcs,8.36,STD
215702,Bracket Assy V14 Connector SQ60,810405,39.99,2.00,Pcs,79.98,STD
215704,Bracket Assy V14 Connector SQ70,810405,33.43,4.00,Pcs,133.72,STD
215710,Opening rod SQ70-55/SQ90 FPL2,810505,17.53,3.00,Pcs,52.59,STD
215723,Screw MLC6S 12X19 10.9 Flat end,850205,1.94,26.00,Pcs,50.44,STD
215794,High Flow swivel assy,STALLED,908.79,1.00,Pcs,908.79,STD
215832,"Axial Bearing X18 t=2,8",800604,113.21,1.00,Pcs,113.21,STD
215833,"Axial Bearing X12 t=2,8",800604,85.27,3.00,Pcs,255.81,STD
215844,Swivel Lock WU X07 S40 AC,810404,64.08,1.00,Pcs,64.08,STD
215885,Port adapter Extra X26-X32 HF Left,030101,15.14,4.00,Pcs,60.56,STD
215886,Port adapter Extra X26-X32 HF Right,030101,15.14,10.00,Pcs,151.40,STD
215919,Opening rod SQ70 FPL2 ,********,18.76,2.00,Pcs,37.52,STD
215922,Cover Pos. Bar SQ70,800204,9.43,1.00,Pcs,9.43,STD
215927,Piston Assembly SQ70,050301,157.67,4.00,Pcs,630.68,STD
215942,Cylinder Gripper X18/X20/X26/X32,040103,208.71,10.00,Pcs,"2,087.10",STD
215944,Cylinder Tilt X04/X06,040102,396.47,3.00,Pcs,"1,189.41",STD
216035,Cavity Plug A6610,810603,55.88,6.00,Pcs,335.28,STD
216070,"Seal Kit, Cavity Plug A6610",810506,5.14,2.00,Pcs,10.28,STD
216194,Locking Wedge SQ60,810508,33.04,1.00,Pcs,33.04,STD
216195,Rod lock SQ,800405,3.80,7.00,Pcs,26.60,STD
216435,Piston Rod Shaft SQ60,800406,14.85,4.00,Pcs,59.40,STD
216455,Indicator Bracket SQ60,800503,11.05,3.00,Pcs,33.15,STD
216477,Cylinder Lock S40 QC/AC FPL,040202,189.55,3.00,Pcs,568.65,STD
216481,UC X26 SQ70 -V4 (w. bushing),020304,"4,468.60",1.00,Pcs,"4,468.60",STD
216563,Indicator Shaft SQ60,800405,3.47,2.00,Pcs,6.94,STD
216625,Mount bracket tilt cyl. X26,800603,28.39,3.00,Pcs,85.17,STD
216628,Mount bracket tilt cyl X12/14/18/20,800603,24.94,5.00,Pcs,124.70,STD
216673,Mount bracket tilt cyl. X04/X06/X07,QUARANTINE,21.05,2.00,Pcs,42.10,STD
216674,Mount bracket tilt cyl. X32,050301,0.00,1.00,Pcs,0.00,STD
216699,"Locking Wedge, SQ70/55",050101,88.55,2.00,Pcs,177.10,STD
216863,Cylinder Tilt X32 70/55-80 LHV 10:1,040201,563.30,1.00,Pcs,563.30,STD
216873,H10 Housing holder spacer,800608,1.55,4.00,Pcs,6.20,STD
216898,FPL Unit S40-3,810502,109.07,1.00,Pcs,109.07,STD
216917,Cover Plate Front SQ60,050101,8.70,2.00,Pcs,17.40,STD
216983,Indicator Pin Red S60/S70,800407,7.32,1.00,Pcs,7.32,STD
216989,Cover plate rear SQ90,030101,85.90,2.00,Pcs,171.80,STD
217072,Connection Plate S60 FPL2,810608,7.69,4.00,Pcs,30.76,STD
217083,"Mounting kit SQ60-4 SQ60-5, V14 V90",800608,42.03,3.00,Pcs,126.09,STD
217086,"Mounting kit SQ70, V14 V90",********,34.82,1.00,Pcs,34.82,STD
217099,Mount. kit QC SQ60 Gen. 1,800608,40.63,1.00,Pcs,40.63,STD
217100,UC X06 S40 with bushing ,020101,456.61,12.00,Pcs,"5,479.32",STD
217102,"Mounting kit QC SQ60-SQ90, V14 V90",810405,4.27,4.00,Pcs,17.08,STD
217106,Locking wedge S60 FPL2,810506,38.08,5.00,Pcs,190.40,STD
217122,Indicator Pin Red S70/S80,800406,9.84,2.00,Pcs,19.68,STD
217128,Locking Wedge SQ90,810402,337.10,2.00,Pcs,674.20,STD
217130,Latch SQ90,050301,460.20,3.00,Pcs,"1,380.60",STD
217131,Pawl SQ90,800405,99.77,2.00,Pcs,199.54,STD
217132,Locking Wedge S70 FPL2,810403,83.49,4.00,Pcs,333.96,STD
217156,Piston Rod Shaft SQ90,050301,87.54,3.00,Pcs,262.62,STD
217157,Rod Lock SQ70/55 / SQ90,800405,20.06,2.00,Pcs,40.12,STD
217173,UC Base X18 SQ60-5 w bushing,020402,"1,790.57",2.00,Pcs,"3,581.14",STD
217191,Piston Assembly SQ60,800406,170.79,4.00,Pcs,683.16,STD
217193,"Gland Assembly, SQ50-SQ60",810508,68.62,2.00,Pcs,137.24,STD
217195,Lever SQ90,********,41.88,3.00,Pcs,125.64,STD
217201,Pawl Shaft SQ90,810407,58.27,2.00,Pcs,116.54,STD
217203,Indicator bracket SQ90,050101,20.06,4.00,Pcs,80.24,STD
217206,Indicator Pin Green SQ90,800405,48.31,4.00,Pcs,193.24,STD
217207,Indicator Pin Red SQ90,800405,11.10,2.00,Pcs,22.20,STD
217209,Door Unit SQ90,800302,321.20,2.00,Pcs,642.40,STD
217212,Cover Pos. Bar SQ90,800407,27.06,1.00,Pcs,27.06,STD
217222,Latch Shaft SQ90,810505,36.83,3.00,Pcs,110.49,STD
217234,Shaft Gripper Arm S60 S70,810406,17.11,3.00,Pcs,51.33,STD
217252,QCS70 / QCSQ70 base MU FPL2 w hook,020102,"2,022.22",1.00,Pcs,"2,022.22",STD
217259,"Hose Clamp 1x1-1/4"" 1x3/4""",050201,22.62,6.00,Pcs,135.72,STD
217329,"Hose Clamp 1x1-1/2""",050102,31.07,1.00,Pcs,31.07,STD
217330,Indicator Shaft SQ90,800405,9.84,4.00,Pcs,39.36,STD
217340,Spring FPL2 Indication S50,820405,2.95,2.00,Pcs,5.90,STD
217348,Opening Rod SQ50,800406,11.54,6.00,Pcs,69.24,STD
217350,Pawl SQ50,810601,41.50,2.00,Pcs,83.00,STD
217352,Pawl Shaft SQ50,810601,32.54,4.00,Pcs,130.16,STD
217353,Latch Shaft SQ50,800403,15.51,4.00,Pcs,62.04,STD
217355,Door unit SQ50,800407,62.69,1.00,Pcs,62.69,STD
217361,Cover Pos. Bar SQ50,800407,4.21,2.00,Pcs,8.42,STD
217375,Indicator Bracket SQ50,800405,18.04,1.00,Pcs,18.04,STD
217376,Indicator shaft SQ50,800405,4.84,2.00,Pcs,9.68,STD
217377,Latch SQ50,800403,55.25,4.00,Pcs,221.00,STD
217401,"Spring, FPL2 indication SQ90",800405,15.39,4.00,Pcs,61.56,STD
217424,Manifold Split QCSQ90 Left,KIT SHELF 010102,198.79,1.00,Pcs,198.79,STD
217430,Opening rod S60,800405,9.28,4.00,Pcs,37.12,STD
217458,"CLS Unit 3/4"" Female",800203,124.63,1.00,Pcs,124.63,STD
217459,"CLS Unit 3/8"" Female",800203,119.87,1.00,Pcs,119.87,STD
217460,"Connection Holder, SQ50",810308,65.34,1.00,Pcs,65.34,STD
217501,"Hose 1/2"" 180D SQ50",810307,54.70,1.00,Pcs,54.70,STD
217505,"Hose 5/8"" 180D SQ50",810306,74.39,6.00,Pcs,446.34,STD
217507,"CLS Unit 3/4"" Male short SQ70-80",800203,90.20,1.00,Pcs,90.20,STD
217564,"Male Unit 3/8"" short BSP SQ90",810303,56.73,2.00,Pcs,113.46,STD
217605,"Connection Manifold, SQ50, Str",050101,43.68,2.00,Pcs,87.36,STD
217614,Adapter 8L - M12x1,800608,7.43,1.00,Pcs,7.43,STD
217652,Set screw M6x35,850108,5.46,8.00,Pcs,43.68,STD
217654,"Plate Turning Block Compact 1/4""",010105,16.52,7.00,Pcs,115.64,STD
217657,"Bulkhead Spacer 1/2"", SQ50",800305,5.49,1.00,Pcs,5.49,STD
217664,WOA S40 High,060101,228.00,2.00,Pcs,456.00,STD
217693,Spacer T2 Shaft D30 QCS30,840109,3.15,20.00,Pcs,63.00,STD
217694,Spacer T3 Shaft D30 QCS30,840109,3.15,20.00,Pcs,63.00,STD
217695,Spacer T4 Shaft D30 QCS30,840109,4.79,20.00,Pcs,95.80,STD
217696,Spacer T2 Shaft D35 QCS30,840109,3.15,12.00,Pcs,37.80,STD
217715,Spacer Seal T5 D30 S30,840109,18.34,26.00,Pcs,476.84,STD
217721,Swivel Lock Unit HF X18 FPL2,050201,39.37,1.00,Pcs,39.37,STD
217778,WOA S90 750,060501,"1,514.24",1.00,Pcs,"1,514.24",STD
217778,WOA S90 750,060402,"1,514.24",2.00,Pcs,"3,028.48",STD
217826,Rod Sleeve SQ50,810601,5.45,2.00,Pcs,10.90,STD
217827,Piston Rod shaft SQ50,810601,28.51,2.00,Pcs,57.02,STD
217835,"Piston Assembly, SQ90",050301,214.18,6.00,Pcs,"1,285.08",STD
217837,"Gland Assy, SQ90",050301,142.15,14.00,Pcs,"1,990.10",STD
217850,Cylinder Holder X18/X20 FPL2,800401,11.45,5.00,Pcs,57.25,STD
217851SP,Gripper Unit X18- X20 S60 FPL2,040803,"1,935.98",5.00,Pcs,"9,679.90",STD
217917,"Hose 1"" 180D SQ70-SQ90",050202,71.88,9.00,Pcs,646.92,STD
217918,"Hose 3/4"" 180D SQ70-SQ90",810306,60.48,6.00,Pcs,362.88,STD
217919,"Hose 3/4"" 180D SQ60-SQ65",810307,66.86,4.00,Pcs,267.44,STD
217919,"Hose 3/4"" 180D SQ60-SQ65",810306,66.86,2.00,Pcs,133.72,STD
217952,"Male Dummy 1/4"" - 3/8"" SQ90",810302,16.90,2.00,Pcs,33.80,STD
218225,Cylinder Lock S50 FPL2,040202,189.20,2.00,Pcs,378.40,STD
218299,Locking Wedge S50 FPL2,800408,21.70,6.00,Pcs,130.20,STD
218331,Hook assy TCX/QCS30/XTR2,020102,92.43,1.00,Pcs,92.43,STD
218335,Cylinder Tilt X12 with LHV 1:10,050104,362.39,2.00,Pcs,724.78,STD
218336,Cylinder Tilt X18 with LHV 1:10,030203,401.12,4.00,Pcs,"1,604.48",STD
218337,Cylinder Tilt X20 with LHV 1:10,040201,417.82,1.00,Pcs,417.82,STD
218337,Cylinder Tilt X20 with LHV 1:10,040203,417.82,2.00,Pcs,835.64,STD
218338,Cylinder Tilt X26 with LHV 1:10,040202,433.42,2.00,Pcs,866.84,STD
218340,Cylinder Tilt X32 DF/S70 with LHV 10:1,040201,542.77,2.00,Pcs,"1,085.54",STD
218351SP,No cable connector FPL2,810408,6.39,6.00,Pcs,38.34,STD
218382,Manifold S50/S60/S70/S80 assy,810506,54.30,1.00,Pcs,54.30,STD
218390,Cover plate QCS50 Wide,030201,33.30,1.00,Pcs,33.30,STD
218415,Cover Plate QCS60,030101,12.87,3.00,Pcs,38.61,STD
218451,Manifold Angle SQ90 Left,050301,211.65,1.00,Pcs,211.65,STD
218455,BOA S80 CC540 CC630,010201,"1,540.83",1.00,Pcs,"1,540.83",STD
218456,"Bracket ACS60 AUX 3/4"" 18L Right",050201,20.56,10.00,Pcs,205.60,STD
218503SP,Repl kit AC S40 X07 FPH,030401,993.86,1.00,Pcs,993.86,STD
218504SP,Repl kit AC S40 X04/X06 FPH,050303,962.68,1.00,Pcs,962.68,STD
218517,QCS30/180 MU for hook CC85-180,020102,195.90,1.00,Pcs,195.90,STD
218549,Locking Wedge S40 AC FPH,810503,20.48,16.00,Pcs,327.68,STD
218556,Foundation cover AC/XT S40 FPH,030101,41.12,1.00,Pcs,41.12,STD
218686,"Bracket, Gripper, X04 X06 X07 MU",810506,143.90,21.00,Pcs,"3,021.90",STD
218722,"Spacer D24, d10, t10",810604,5.35,6.00,Pcs,32.10,STD
218793,"Spacer D25, d16, t5,6",800608,4.23,2.00,Pcs,8.46,STD
218829,Shaft QC S40 wedges,800504,10.96,2.00,Pcs,21.92,STD
218835,Cylinder Lock QC S40 FPH,040202,110.85,18.00,Pcs,"1,995.30",STD
218856SP,"Indicator Pin Unit, AC S40",800406,6.66,10.00,Pcs,66.60,STD
218860,"Dummy, Gripper Bracket, AC S40",810603,8.37,6.00,Pcs,50.22,STD
218862SP,Gripper Unit X04/X06 S40 FPH +Extra,040602,"1,967.62",7.00,Pcs,"13,773.34",STD
218863SP,Gripper Unit X07 S40 FPH +Extra,040602,"1,932.39",7.00,Pcs,"13,526.73",STD
218892SP,Indicator pin unit QC S40 FPH,800504,6.94,3.00,Pcs,20.82,STD
218927,"Bracket ACS60 AUX 3/4"" 18L Left",050201,19.55,3.00,Pcs,58.65,STD
218958,Pin D12,810602,5.99,6.00,Pcs,35.94,STD
218969,Hook Assy QC S40 FPH,800501,225.10,2.00,Pcs,450.20,STD
219195,Pipe Gripper X07 FPH,810401,6.62,3.00,Pcs,19.86,STD
219289,Expander Part D100x68,830202,41.05,4.00,Pcs,164.20,STD
219324D110T1,Spacer T1 Shaft D110 QCSQ90,840403,6.18,12.00,Pcs,74.16,STD
219355SP,Shaft D45 QCS40FPHW Expander,830102,77.79,2.00,Pcs,155.58,STD
219359,Pipe QCS30 minus,810308,15.83,2.00,Pcs,31.66,STD
219360,Pipe QCS30 plus,810308,16.21,2.00,Pcs,32.42,STD
219417,"Swivel Axial Lock, Rotation Sensor",810207,14.67,2.00,Pcs,29.34,STD
219472,Cylinder Holder X26/X32 S70/SQ70,810404,28.25,2.00,Pcs,56.50,STD
219535,"Bulkhead Adapter 1/2"" AC S50 FPL2",050201,9.71,10.00,Pcs,97.10,STD
219550,Ripper S30-S30/180,080803,527.33,1.00,Pcs,527.33,STD
219712,Adapter Bulkhead 3/4 AC SQ70 FPL2,050301,13.75,2.00,Pcs,27.50,STD
219798,"Mount. Kit WT SQ90, V14 V90",KIT SHELF 010103,131.98,3.00,Pcs,395.94,STD
219916,"Kit Turning Block Compact 1/4""",KIT SHELF 010105,70.17,7.00,Pcs,491.19,STD
219993,Expander Part D45x25,830202,5.97,1.00,Pcs,5.97,STD
219996SP,Shaft D40 QCS40 Expander Lub,830102,81.18,1.00,Pcs,81.18,STD
219998SP,"Shaft PD37,8 D40 QCS40 Expander Lub",830101,86.94,2.00,Pcs,173.88,STD
220015,Link with bushings,040101,298.52,2.00,Pcs,597.04,STD
220050,Expander Part D40x25,830202,6.70,4.00,Pcs,26.80,STD
220206,UC X18 S60 / SQ60 BO w/ bushing,020703,"1,371.71",1.00,Pcs,"1,371.71",STD
220220,Shaft tilt Rear X14-X18,050301,79.21,2.00,Pcs,158.42,STD
220319,Holder Magnet,040204,9.46,1.00,Pcs,9.46,STD
220350,Coupling Ramp SQ60-5,050301,78.58,2.00,Pcs,157.16,STD
220808,Latch SQ60 Spare Part,810407,80.98,2.00,Pcs,161.96,STD
220812,Pawl SQ60,800408,17.66,4.00,Pcs,70.64,STD
220831,Spring Dy9.0 Dt1.8 L068 Ln87,800505,2.33,27.00,Pcs,62.91,STD
220855,Door Unit SQ60-5,800201,56.00,4.00,Pcs,224.00,STD
220873,Tube motor X12 lower HF,810508,78.00,4.00,Pcs,312.00,STD
220875,Tube motor X12 upper HF,810508,20.43,5.00,Pcs,102.15,STD
220899,Latch SQ60 FPL,800408,26.08,8.00,Pcs,208.64,STD
220901,Hydraulic block cover X12,050101,10.19,2.00,Pcs,20.38,STD
220943,Gearbox top cover X12 HF,050201,53.18,1.00,Pcs,53.18,STD
220959,Door Unit SQ70,800201,65.41,1.00,Pcs,65.41,STD
220960,Door Unit SQ70/55-SQ80,800201,57.39,2.00,Pcs,114.78,STD
221005,Washer D46.3 T3,050201,1.26,12.00,Pcs,15.12,STD
221012,Sensor module support plate X12,050101,9.59,1.00,Pcs,9.59,STD
221051,Spring Dy9.0 Dt1.8 L065 Ln82,800403,2.80,3.00,Pcs,8.40,STD
221066,"Spring Dy14 L086,2 Ln105",800406,5.11,18.00,Pcs,91.98,STD
221087SP,"Mount. kit SQ50, V14 V90",KIT SHELF 010103,65.07,2.00,Pcs,130.14,STD
221088,Port Adapter R X26-S70 HF,810508,36.83,4.00,Pcs,147.32,STD
221089,Port Adapter L X26-S70 HF,810508,15.01,5.00,Pcs,75.05,STD
221116,Shaft Base D30 Rear XTR2 UC DIR,830102,50.89,1.00,Pcs,50.89,STD
221131SP,"Adapter G1/2"" ED - ORFS 13/16""",820304,66.18,2.00,Pcs,132.36,STD
221132SP,"Adapter G3/4"" ED - ORFS 1""",820304,18.71,14.00,Pcs,261.94,STD
221202SP,Shaft D30 XTR2 Expander,050201,57.05,2.00,Pcs,114.10,STD
221215,Expander part D30x15,830202,6.83,4.00,Pcs,27.32,STD
221246,Latch S80,800408,122.60,3.00,Pcs,367.80,STD
221249,Pawl SQ80,800408,82.62,4.00,Pcs,330.48,STD
221250,Latch SQ90,800407,185.80,6.00,Pcs,"1,114.80",STD
221252,Pawl SQ90,800402,86.78,8.00,Pcs,694.24,STD
221254,Expander part D35 d30x15,830202,7.53,10.00,Pcs,75.30,STD
221261,QCSQ90 Base with Hook (W480),060801,"4,821.17",1.00,Pcs,"4,821.17",STD
221297,QCS60/QCSQ60 MU w hook FPL2,020102,"1,427.86",1.00,Pcs,"1,427.86",STD
221337SP,Shaft D45 S50 Expander,830202,88.24,1.00,Pcs,88.24,STD
221339SP,Shaft D50 S50 Expander,830202,96.45,2.00,Pcs,192.90,STD
221345SP,Shaft D60 QCS50 Expander,830201,115.42,2.00,Pcs,230.84,STD
221347,Expander Part D50x35,830202,7.83,21.00,Pcs,164.43,STD
221350SP,"Shaft D49,8 (D50) S50 Expander",830202,172.35,6.00,Pcs,"1,034.10",STD
221353SP,Shaft D50 QCS50 Wide Expander,830102,222.46,6.00,Pcs,"1,334.76",STD
221367,BOA SQ50 CC460,010502,"1,155.55",5.00,Pcs,"5,777.75",STD
221380,"Adapter 1/4"" M ED - M8x1 F",820206,3.46,29.00,Pcs,100.34,STD
221420,UC X12 S50/ SQ50 mod w. bushing,020301,924.56,2.00,Pcs,"1,849.12",STD
221420,UC X12 S50/ SQ50 mod w. bushing,020402,924.56,3.00,Pcs,"2,773.68",STD
221425,Cyl. Cover Gripper WU X18-X32 HF+drain,030102,160.68,1.00,Pcs,160.68,STD
221425,Cyl. Cover Gripper WU X18-X32 HF+drain,030203,160.68,3.00,Pcs,482.04,STD
221478,Cylinder Cover WU X07/X12/X14 ,040203,146.32,10.00,Pcs,"1,463.20",STD
221502,Cylinder MGX6/SGX6MGX8/SGX8,040302,977.54,1.00,Pcs,977.54,STD
221533,Foundation Cover ACS60 FPL2,030101,28.05,1.00,Pcs,28.05,STD
221534,Foundation Cover QCS60 FPL2,030201,27.37,1.00,Pcs,27.37,STD
221535,Foundation Cover QCS70 FPL2,030201,37.83,2.00,Pcs,75.66,STD
221541SP,Gripper Unit X12/X14 SQ50/S50 FPL2,040702,"1,855.35",3.00,Pcs,"5,566.05",STD
221541SP,Gripper Unit X12/X14 SQ50/S50 FPL2,040804,"1,855.35",2.00,Pcs,"3,710.70",STD
221706,Cylinder MGX14/SGX14,040302,"1,062.18",1.00,Pcs,"1,062.18",STD
221749,Cylinder MGX20/SGX20,040302,"1,121.33",1.00,Pcs,"1,121.33",STD
221826,Rotation Sensor assy HF Swivel,ASSEMBLY,77.26,1.00,Pcs,77.26,STD
221898,"Bolt banjo 1/4"" mod M8x1",820206,5.58,8.00,Pcs,44.64,STD
222217,Motor Cover X07 CS10,030101,117.40,4.00,Pcs,469.60,STD
222228,Rotation Sensor Assy HF Swivel,050101,41.88,17.00,Pcs,711.96,STD
222256,"Adapter 45d M22x1,5 ORFS 1""-14",820305,5.81,10.00,Pcs,58.10,STD
222290,"Adapter M22x1,5, G1/4",820107,8.83,4.00,Pcs,35.32,STD
222336,BOA HPF SQ60-5 CC540 ,010704,"1,317.11",1.00,Pcs,"1,317.11",STD
222343,Latch Shaft SQ80,800408,27.88,4.00,Pcs,111.52,STD
222406,Bracket Grip X04 X06 S40 FPH L,810405,66.22,2.00,Pcs,132.44,STD
222487,AC X18 S60/SQ60 Base FPL2,040401,"1,415.46",1.00,Pcs,"1,415.46",STD
222495,"Male Unit, 3/8"", ORFS, SQ50",800305,57.16,50.00,Pcs,"2,858.00",STD
222497,Ramp Locking Plate SQ50-5,800201,5.55,11.00,Pcs,61.05,STD
222524,"Male Dummy 3/8"" SQ50",810302,28.88,13.00,Pcs,375.44,STD
222526,"Male Dummy 1/2"" SQ50",810302,35.01,44.00,Pcs,"1,540.44",STD
222527,"Dummy Adapter Washer 1/2"" SQ50",800305,7.44,2.00,Pcs,14.88,STD
222529,Bracket Grip X07 S40 FPH L/R,810405,66.22,4.00,Pcs,264.88,STD
222530,"Male Unit, 1/2""-13/16"", ORFS, SQ50",810301,49.35,9.00,Pcs,444.15,STD
222542,Cylinder MGX2,040101,274.85,1.00,Pcs,274.85,STD
222543,Bracket Grip X04 X06 S40 FPH R,810405,66.22,1.00,Pcs,66.22,STD
222576,"Male Unit, 3/8"" CLS, SQ50",800305,54.32,2.00,Pcs,108.64,STD
222581,XTR2 Motor Cover with Bushing,800502,46.37,1.00,Pcs,46.37,STD
222798SP,"Shaft D44,8 X07 Expander",830101,149.19,2.00,Pcs,298.38,STD
222811SP,"Shaft PD44,8 D45 QCS40FPHW Expander",830101,145.79,6.00,Pcs,874.74,STD
222842,Locking Wedge Beam AC S40,810504,32.03,5.00,Pcs,160.15,STD
222843,Cylinder Lock ACS40 FPH,040202,141.51,6.00,Pcs,849.06,STD
222991,Wedge 18D QC S40 FPH,800504,28.12,4.00,Pcs,112.48,STD
223018SP,"Shaft PD44,5 - d44,5 X12 Expander",830102,94.11,1.00,Pcs,94.11,STD
223018SP,"Shaft PD44,5 - d44,5 X12 Expander",830202,94.11,1.00,Pcs,94.11,STD
223073,Wedge 18D S30 FPH,810502,19.87,2.00,Pcs,39.74,STD
223189,"Male Unit 1/2"" short BSP SQ50",800305,79.04,7.00,Pcs,553.28,STD
223254SP,"Shaft conical D44,5 D45 X12 FPL Expander",830101,94.75,2.00,Pcs,189.50,STD
223302,BOA ASSY SQ50 CC460,050403,98.48,8.00,Pcs,787.84,STD
223418,Cover plate AC S60 XTR20,030201,32.35,3.00,Pcs,97.05,STD
223435,Axial Bearing Rotor XTR20,040401,0.00,6.00,Pcs,0.00,STD
223458,Tilt Shaft XTR15 XTR20 XTR23,050301,82.89,9.00,Pcs,746.01,STD
223464,Shaft Tilt Cylinder XTR20,050301,78.40,6.00,Pcs,470.40,STD
223501,Cover pos bar SQ60,800201,5.36,5.00,Pcs,26.80,STD
223579,Axial Bearing Tilt XTR20,050301,1.64,42.00,Pcs,68.88,STD
223583,"Bulkhead Ad. 3/4"", AC S60 AUX",050101,11.48,4.00,Pcs,45.92,STD
223666,Nut Rotation Sensor,050101,11.57,16.00,Pcs,185.12,STD
223672,T-Cylinder S60,050101,277.50,2.00,Pcs,555.00,STD
223696,Cover plate AC SQ60 XTR20,030201,16.54,11.00,Pcs,181.94,STD
223819SP,Rotation Sensor Unit HF,810207,59.37,3.00,Pcs,178.11,STD
223830,"Shims Tilt XTR20 t=1,0",050301,2.84,16.00,Pcs,45.44,STD
223859,TR Module Support Plate XTR20/XTR23,050101,23.80,1.00,Pcs,23.80,STD
223865,Manifold QC SQ90 STR Left Mod,050101,370.67,2.00,Pcs,741.34,STD
223934,Cover plug XTR S60 S70,810601,1.03,6.00,Pcs,6.18,STD
223941,Cover Hydraulic Block XTR20/XTR23,050301 ,22.20,11.00,Pcs,244.20,STD
223954,Cylinder Tilt XTR20/XTR23 with valves,050302,427.60,8.00,Pcs,"3,420.80",STD
223954,Cylinder Tilt XTR20/XTR23 with valves,050402,427.60,3.00,Pcs,"1,282.80",STD
224060,AUX Cover SQ70-80,810601,6.43,22.00,Pcs,141.46,STD
224083,Holder Tilt Sensor Magnet,810308,3.58,15.00,Pcs,53.70,STD
224203,Spacer Cover Manifold Swivel XTR20/XTR23,810601,6.05,12.00,Pcs,72.60,STD
224390,Protection Cover Tilt Cylinder XTR20,050301,7.96,11.00,Pcs,87.56,STD
224412,Mount Bracket Tilt. cyl Left Assy XTR20,050301,60.16,7.00,Pcs,421.12,STD
224413,Mount Bracket Tilt. cyl Right Assy XTR20,050301,60.16,4.00,Pcs,240.64,STD
224424,Swivel lock XR20/XR23,050101,12.36,1.00,Pcs,12.36,STD
224426,Swivel lock XTR20/XTR23,050101,15.50,1.00,Pcs,15.50,STD
224445,UC XTR20 S60/SQ60 w/ bushing,050302,"2,339.00",1.00,Pcs,"2,339.00",STD
224446,Cylinder Lock S60 w. relief,040202,220.61,2.00,Pcs,441.22,STD
224461,Port adapter AC S70 right,810503,19.42,3.00,Pcs,58.26,STD
224468,Port adapter AC S70 left,810503,19.42,3.00,Pcs,58.26,STD
224516,"Kit, Piston+Rod+Head Locking Cylinder S60 FPL2",050202,103.56,2.00,Pcs,207.12,STD
224859,"Hose Clamp 1x5/8"" 1x3/8"" kit",050102,27.77,4.00,Pcs,111.08,STD
224872,"Hose Clamp 1x1/2"" 1x3/8"" kit",050102,27.33,3.00,Pcs,81.99,STD
224876M,QCS40 FPH MU wo paint,020102,337.29,1.00,Pcs,337.29,STD
224912,QCSQ60-5 FPL2 CNH CX140E/145D FF,030701,"4,544.30",1.00,Pcs,"4,544.30",STD
224913,QCS60 FPL2W CNH CX170E/190E,030402,"3,394.08",1.00,Pcs,"3,394.08",STD
224914,QCSQ60 FPL2W CNH CX170E/190E,030701,"4,835.73",1.00,Pcs,"4,835.73",STD
224917,QCS70FPL CNH CX260E,040501,"4,680.58",1.00,Pcs,"4,680.58",STD
224918,QCSQ70 FPL2 CNH CX260E,030801,"6,908.45",1.00,Pcs,"6,908.45",STD
224920,QCSQ80 FPL2 CNH CX300E/CX365E,030602,"8,838.96",1.00,Pcs,"8,838.96",STD
224958,"Male Unit, 3/4"" Short, ORFS, SQ60-65",800203,74.43,6.00,Pcs,446.58,STD
224974,Cylinder MGX26/SGX26,040302,"1,222.24",1.00,Pcs,"1,222.24",STD
225003,Manifold QC SQ90 STR Right Mod,050101,411.43,2.00,Pcs,822.86,STD
225100,Tube motor A XTR20,050101,15.33,4.00,Pcs,61.32,STD
225106,Tube motor B XTR20,050101,20.63,2.00,Pcs,41.26,STD
225256,Cover tilt Shaft  XTR,050301,47.80,5.00,Pcs,239.00,STD
225524,Hose kit QC S-type CASE WX140-WX210,830202,26.05,13.00,Pcs,338.65,STD
225535,Port Adapter 2 holes XTR20,050301,7.44,10.00,Pcs,74.40,STD
225554,Hose kit TR S-type Case WX160E-WX210E,830203,199.92,4.00,Pcs,799.68,STD
225561,Inst Kit FF CASE WX140E-WX175E + SR,INSTALL KITS - MACHINE SPECIFIC,"1,965.72",2.00,Pcs,"3,931.44",STD
225562,Inst Kit FF CASE CX140E-CX365E,INSTALL KITS - MACHINE SPECIFIC,"2,406.01",2.00,Pcs,"4,812.02",STD
225589,Hydraulic Manifold CS10 X04-X07,ASSEMBLY,"1,062.23",2.00,Pcs,"2,124.46",STD
225610,Shaft Tilt Cylinder XTR20 w. Pin,050201,19.34,8.00,Pcs,154.72,STD
225638,Gripper Support X07/X12 S45/S50 Left MU,810408,67.67,6.00,Pcs,406.02,STD
225640,Gripper Support X07/X12 S45/S50 Right MU,810405,70.95,7.00,Pcs,496.65,STD
225670,"Motor Cover X04, X06, X07 MU",050101,31.52,1.00,Pcs,31.52,STD
225713,Shaft Base D50 UC X06,830102,58.95,3.00,Pcs,176.85,STD
225737,Bottom Plate SQ40,********,35.19,1.00,Pcs,35.19,STD
225744,Bottom Plate S40 FPH,030101,27.86,4.00,Pcs,111.44,STD
225746,AC X07 S40 FPH MU with paint,040401,530.70,3.00,Pcs,"1,592.10",STD
225783,Gripper Unit XR/XTR S60/SQ60,********,"2,572.79",1.00,Pcs,"2,572.79",STD
225808,Cover gripper XTR S60/S70 Right,050101,52.35,1.00,Pcs,52.35,STD
225812,Shaft stop,050101,2.02,4.00,Pcs,8.08,STD
225814,Cover gripper XTR S60/S70 Left,050101,52.35,1.00,Pcs,52.35,STD
225819,Cylinder support shaft,050101,14.70,2.00,Pcs,29.40,STD
225903,Coupling Ramp SQ60-5 6D,050301,86.78,13.00,Pcs,"1,128.14",STD
225914,Hydraulic Cylinder Gripper XTR S60/S70,050101,295.03,2.00,Pcs,590.06,STD
225960,Manifold Gripper XTR S60/S70,050101,57.26,1.00,Pcs,57.26,STD
225985,Cylinder Lock S70-S80 w. relief,040202,223.13,2.00,Pcs,446.26,STD
226062SP,Magnet LS Assy,050301,24.44,3.00,Pcs,73.32,STD
226070,Locking Wedge S60 LS,800306,194.06,6.00,Pcs,"1,164.36",STD
226071,Locking Wedge SQ60 LS,050301,199.04,7.00,Pcs,"1,393.28",STD
226155,Hook Assy QC S40 FPH MU,800501,41.42,1.00,Pcs,41.42,STD
226275,Ramp Locking Plate SQ60-5,050201,10.82,21.00,Pcs,227.22,STD
226276,Ramp Guiding Plate SQ60-5,050201,6.81,15.00,Pcs,102.15,STD
226278,Cover plate HWT SQ60,030301,18.04,13.00,Pcs,234.52,STD
226281,Sensor Magnet cpl.,810602,5.23,21.00,Pcs,109.83,STD
226318,UC XTR20 S60/SQ60 w bushing,020704,"1,166.74",3.00,Pcs,"3,500.22",STD
226318,UC XTR20 S60/SQ60 w bushing,020703,"1,166.74",1.00,Pcs,"1,166.74",STD
226318,UC XTR20 S60/SQ60 w bushing,020804,"1,166.74",1.00,Pcs,"1,166.74",STD
226318,UC XTR20 S60/SQ60 w bushing,020804,"1,166.74",1.00,Pcs,"1,166.74",STD
226318,UC XTR20 S60/SQ60 w bushing,040802,"1,166.74",1.00,Pcs,"1,166.74",STD
226318,UC XTR20 S60/SQ60 w bushing,020803,"1,166.74",1.00,Pcs,"1,166.74",STD
226319,Cover Plate UC XTR20,050301,25.10,6.00,Pcs,150.60,STD
226359,Coupling Ramp SQ50 6D,050201,95.86,9.00,Pcs,862.74,STD
226382,Ramp Bracket SQ70-SQ70/55,050202,19.65,10.00,Pcs,196.50,STD
226403SP,"Male dummy 1/4"" + 3/8""SQ60/SQ65",050301,6.49,18.00,Pcs,116.82,STD
226405SP,"Male dummy 1/2"" SQ60-SQ65",050301,7.53,19.00,Pcs,143.07,STD
226476,Ramp Locking Plate SQ70,050202,6.31,10.00,Pcs,63.10,STD
226480,WOA S50 Hard,060403,220.26,8.00,Pcs,"1,762.08",STD
226486,WOA S50 Hard High,060102,270.36,12.00,Pcs,"3,244.32",STD
226492,WOA S60 Hard ,060204,481.38,7.00,Pcs,"3,369.66",STD
226494,WOA S60 Hard High,060302,425.30,9.00,Pcs,"3,827.70",STD
226494,WOA S60 Hard High,060301,425.30,9.00,Pcs,"3,827.70",STD
226496,WOA S70 Hard,060202,601.50,10.00,Pcs,"6,015.00",STD
226505,WOA S40 Hard,060104,155.46,19.00,Pcs,"2,953.74",STD
226505,WOA S40 Hard,060103,155.46,20.00,Pcs,"3,109.20",STD
226507,WOA S40 Hard High,STAGING,178.85,1.00,Pcs,178.85,STD
226507,WOA S40 Hard High,060101,178.85,10.00,Pcs,"1,788.50",STD
226509,WOA S30/180 Hard,060401,130.75,18.00,Pcs,"2,353.50",STD
226546,UC SQ70 XTR23 MU,040604,"1,605.45",2.00,Pcs,"3,210.90",STD
226546,UC SQ70 XTR23 MU,040501,"1,605.45",1.00,Pcs,"1,605.45",STD
226565,WOA S40,060104,195.00,8.00,Pcs,"1,560.00",STD
226579,Attachment Lubrication Unit XTR20,050201,20.81,1.00,Pcs,20.81,STD
226582,Ramp Bracket SQ50,050201,28.30,11.00,Pcs,311.30,STD
226582,Ramp Bracket SQ50,800502,28.30,8.00,Pcs,226.40,STD
226601,Grinding Template QC SQ60 FPL2,800608,2.77,2.00,Pcs,5.54,STD
226603,Swivel X12-X14 HF Assy,050301,724.20,3.00,Pcs,"2,172.60",STD
226794,Ramp guide plate SQ50,050201,2.52,14.00,Pcs,35.28,STD
226929,"Male Unit, 3/4"" Short, BSP,SQ60-65",050201,55.31,9.00,Pcs,497.79,STD
226933,"Male Unit, 1""Short,BSP 3/4"",SQ70-90",050202,83.90,6.00,Pcs,503.40,STD
226935,"Male dummy 1/2"" SQ70-SQ90 -V2",810304,10.78,8.00,Pcs,86.24,STD
226937,"Male Dummy 3/4"" SQ70-SQ90",810304,13.57,8.00,Pcs,108.56,STD
227040,Sensor Magnet Tool 2,050301,350.31,5.00,Pcs,"1,751.55",STD
227176,"Male Unit 1/2"" V2 short BSP SQ60/65",800201,56.45,6.00,Pcs,338.70,STD
227179,Indicator bracket SQ90,050202,35.07,2.00,Pcs,70.14,STD
227356,H-cylinder Assy SQ60-5,050203,984.48,1.00,Pcs,984.48,STD
227442,Tube Motor Upper X07,050202,37.92,1.00,Pcs,37.92,STD
227443,Tube Motor Lower X07,050202,31.16,1.00,Pcs,31.16,STD
227446,Optilube Assy,050201,112.47,5.00,Pcs,562.35,STD
227589,Coupling Ramp SQ70 6D,050202,105.32,4.00,Pcs,421.28,STD
227604,Shaft gripper arm,050201,26.32,2.00,Pcs,52.64,STD
227605,Shaft cylinder support,050101,16.81,2.00,Pcs,33.62,STD
227606,Shaft stop,050201,11.48,2.00,Pcs,22.96,STD
227640,UC XTR15 SQ60 w bushing,TR LOCATION,"1,073.72",16.00,Pcs,"17,179.52",STD
227791,Expander Part SQ40,050203,10.27,10.00,Pcs,102.70,STD
227832,Shaft Block SQ40 Assy (B3DDB3) 2 Couplings,QUARANTINE,430.63,1.00,Pcs,430.63,STD
227832,Shaft Block SQ40 Assy (B3DDB3) 2 Couplings,050202,430.63,4.00,Pcs,"1,722.52",STD
227834,"Wedge AC SQ40 Assy (3x7/16"")",050203,705.07,1.00,Pcs,705.07,STD
227885,"Male Unit, 3/4"", Short BSP 3/4"", SQ70-90",810303,73.65,2.00,Pcs,147.30,STD
227934,Joystick extension adapter M14x2,820203,19.65,2.00,Pcs,39.30,STD
228075,Mounting Bracket Right Assy,050202,52.95,10.00,Pcs,529.50,STD
228082,BOA S40 Light,010302,54.72,6.00,Pcs,328.32,STD
228233,Cylinder Tilt XTR15 w valves,040104,"1,211.80",12.00,Pcs,"14,541.60",STD
228233,Cylinder Tilt XTR15 w valves,040204,"1,211.80",6.00,Pcs,"7,270.80",STD
228233,Cylinder Tilt XTR15 w valves,050203,"1,211.80",12.00,Pcs,"14,541.60",STD
228287,Worm wheel GB10,ASSEMBLY,616.60,1.00,Pcs,616.60,STD
228288,Worm GB10,ASSEMBLY,235.60,1.00,Pcs,235.60,STD
228289,Cylinder MG40/SG40/FG40,040101,"1,091.06",5.00,Pcs,"5,455.30",STD
228294,Clamping ring GB10 MU,ARRIVAL,0.00,1.00,Pcs,0.00,STD
228338,Axial Bearing Worm GB10,ASSEMBLY,1.51,1.00,Pcs,1.51,STD
228345,Lip seal GB10,ASSEMBLY,53.86,2.00,Pcs,107.72,STD
228346,"Shims Worm GB10 t=0,8",ASSEMBLY,4.16,2.00,Pcs,8.32,STD
228347,"Shims Worm GB10 t=0,5",ASSEMBLY,4.16,2.00,Pcs,8.32,STD
228348,"Shims Worm GB10 t=0,6",ASSEMBLY,4.16,2.00,Pcs,8.32,STD
228372,Optilube 60ml. Assy,ASSEMBLY,105.02,1.00,Pcs,105.02,STD
228420,Cylinder MG32/SG32/FG32,040101,864.02,4.00,Pcs,"3,456.08",STD
228521,"Male Unit 1/2"" short BSP SQ50",050201,78.91,4.00,Pcs,315.64,STD
228524,"Male Unit, 1/2""-13/16"", ORFS, SQ50",050201,49.22,11.00,Pcs,541.42,STD
228524,"Male Unit, 1/2""-13/16"", ORFS, SQ50",800502,49.22,2.00,Pcs,98.44,STD
228525,"Male Dummy 3/8"" SQ50",050201,14.89,12.00,Pcs,178.68,STD
228526,"Male Dummy 1/2"" SQ50",050201,21.05,10.00,Pcs,210.50,STD
228540,Cylinder locking SQ40,CYLINDER LOCK PALLET,176.46,1.00,Pcs,176.46,STD
228576,Grinding Template QC SQ90 FPL2,800608,8.20,1.00,Pcs,8.20,STD
228590,Cylinder MG25/SG25/FG25,040103,804.74,3.00,Pcs,"2,414.22",STD
228658,Cylinder MG55/SG55,040104,"1,371.21",1.00,Pcs,"1,371.21",STD
228659,Cylinder MG20/FG20,040101,687.43,1.00,Pcs,687.43,STD
228659,Cylinder MG20/FG20,040203,687.43,1.00,Pcs,687.43,STD
228660,Cylinder SG20,040103,674.82,1.00,Pcs,674.82,STD
228808,Cylinder MGX4,040302,441.47,1.00,Pcs,441.47,STD
228835,"Nose Seal 7/16"" U902-DG95, Grön PUR",050203,4.57,20.00,Pcs,91.40,STD
228875SP,"Quick coupling Unit Female 7/16""",050203,54.48,6.00,Pcs,326.88,STD
228879,Cover Swivel Manifold XTR20/XTR23,050301,26.87,1.00,Pcs,26.87,STD
228880,TR Module Support Plate XTR20,050301,10.20,1.00,Pcs,10.20,STD
229031,Indicator Pin Unit AC SQ40,050203,10.32,2.00,Pcs,20.64,STD
229099,"Male Socket 7/16""",050203,63.90,7.00,Pcs,447.30,STD
229270,OptiLube Adapter,ASSEMBLY,12.60,1.00,Pcs,12.60,STD
229275,Bulkhead Adapter 10L - 08L,820108,14.28,9.00,Pcs,128.52,STD
229283,OptiLube Lock Spacer,ASSEMBLY,4.41,1.00,Pcs,4.41,STD
229377,Spacer D18 d12.5 L19,810601,2.55,132.00,Pcs,336.60,STD
229378,Rubber Gasket D20x2-M12,850204,4.26,132.00,Pcs,562.32,STD
229411,Cover Plate SQ50 LS,ASSEMBLY,49.07,1.00,Pcs,49.07,STD
229612,Pipe Motor Upper X07,810402,18.26,3.00,Pcs,54.78,STD
229613,Pipe Motor Lower X07,810402,18.75,3.00,Pcs,56.25,STD
229614,Pipe Motor Upper X04-X06,810402,26.37,2.00,Pcs,52.74,STD
229615,Pipe Motor Lower X04-X06,810402,27.30,3.00,Pcs,81.90,STD
229620,Clamping Ring XTR20,040401,160.75,3.00,Pcs,482.25,STD
229764-9803,Axial Bearing Rotor GB23,050301,28.93,2.00,Pcs,57.86,STD
229809,Shaft Block SQ40 Assy (B3DB2B3) 3 Couplings,050203,437.87,4.00,Pcs,"1,751.48",STD
229898,Cover Pos. Bar SQ50 XTR,ASSEMBLY,8.83,1.00,Pcs,8.83,STD
229903,"Reducer BSP 3/4""M - BSP 1/4""F-OR",820204,6.74,35.00,Pcs,235.90,STD
230091,Port Adapter 4 Holes Left,050201,5.32,10.00,Pcs,53.20,STD
230093SP,Shaft Exp Modular S40,050101,64.13,3.00,Pcs,192.39,STD
230098,Mounting Tool SQ40 Shaft Block,QUARANTINE,192.20,1.00,Pcs,192.20,STD
230098,Mounting Tool SQ40 Shaft Block,050203,192.20,2.00,Pcs,384.40,STD
230195,Hose Bellows QCSQ40,050101,0.00,8.00,Pcs,0.00,STD
230210,Top Plate Rear QC SQ40,050203,6.81,7.00,Pcs,47.67,STD
230211,Top Plate Front QC SQ40,050203,5.68,7.00,Pcs,39.76,STD
230420SP,"Dummy, Quick Coupling 7/16"" Assy",050203,12.81,3.00,Pcs,38.43,STD
230707,Cover Tilt Shaft XTR7/XTR10,ASSEMBLY,0.00,2.00,Pcs,0.00,STD
230833,"Cover, Grip cyl. SQ40 WU Left",050203,848.52,3.00,Pcs,"2,545.56",STD
230835,"Cover, Grip cyl. SQ40 WU Right",050203,848.52,3.00,Pcs,"2,545.56",STD
230965,Cylinder Tilt X07 SQ40,QUARANTINE,394.67,1.00,Pcs,394.67,STD
230965,Cylinder Tilt X07 SQ40,050103,394.67,2.00,Pcs,789.34,STD
231004,Double button bracket,********,9.46,5.00,Pcs,47.30,STD
3229643,Grading Bucket Custom Made S50,QUARANTINE,0.00,1.00,Pcs,0.00,STD
600290,Cavity Plug CBV 1CE 20 w/Seal Kit,800404,32.32,9.00,Pcs,290.88,STD
600295,Kit adapters WEO-BSP (2 hose),800404,43.18,4.00,Pcs,172.72,STD
600296,Kit adapters WEO - Hose (2 hose),800404,30.87,3.00,Pcs,92.61,STD
600314,UC X07 DF CC245 PD45 WF200 WR240,020301,753.89,8.00,Pcs,"6,031.12",STD
600390,"Hose 1/4"", Str-90deg ORFS9/16 650mm",HOSE 3,10.32,1.00,Pcs,10.32,STD
600426,Machine cable kit G2-RF Volvo,800101,180.88,4.00,Pcs,723.52,STD
600481,"Hose 3/8"" STR ORFS 11/16"" L1000 90 DEG ORFS 11/16""",HOSE 8,39.00,3.00,Pcs,117.00,STD
600484,Worm Flange X20/26 with bushing,050101,84.38,1.00,Pcs,84.38,STD
600549,GEOfit cover plate with loop 10pol,040204,256.63,1.00,Pcs,256.63,STD
600578,"Kit SQ90 Female 4x1"",1x3/4"",2x1/2""",KIT SHELF 010102,396.08,1.00,Pcs,396.08,STD
600587,GEOfit kit Tool Part NO Grease,040204,368.40,1.00,Pcs,368.40,STD
600594,"UC DF X06+ CC230,PD45,WF184 cast",020204,573.08,1.00,Pcs,573.08,STD
600595,XCG2 TS Activation button uppgr kit,810205,40.99,4.00,Pcs,163.96,STD
600596,"Hose 1/4"" STR BSP 1/4"" L750 90 DEG BSP 1/4""",HOSE 1,7.10,6.00,Pcs,42.60,STD
600602,TR 8pol Male Con. Replacement kit,810205,20.42,4.00,Pcs,81.68,STD
600617,"Hose 1/4"" Str ORFS 9/16 L1300 Banjo",HOSE 6,15.64,2.00,Pcs,31.28,STD
600632,MC 16pol Fem. Con. Replacement kit,810102,45.76,2.00,Pcs,91.52,STD
600633,TR 16pol Male Con. Replacement kit,810102,37.85,2.00,Pcs,75.70,STD
600700,"Hose 1/4"" STR ORFS 11/16"" L1300 90 DEG ORFS 11/16""",830203,14.41,2.00,Pcs,28.82,STD
600707,"Hose 1/4"" str10L L350 90D 10L",HOSE 2,6.44,2.00,Pcs,12.88,STD
600713,"Hose kit TS block Volvo EC (11/16"")",KIT SHELF 010102,73.22,1.00,Pcs,73.22,STD
600746,Mounting kit CM XCG2 RF Volvo EW/EC,810204,16.65,9.00,Pcs,149.85,STD
600766,Machine cable kit G2-RF Generic 15m,800104,157.27,7.00,Pcs,"1,100.89",STD
600768,Kit Contact pins GEOfit,040204,69.41,2.00,Pcs,138.82,STD
600791,Slide bush kit QCS45/S50 ,800605,9.38,7.00,Pcs,65.66,STD
600807,XCG2 Track steer. EC140/250/300/480,INSTALL KIT - OPTIONS,915.19,3.00,Pcs,"2,745.57",STD
600827,"Hose 3/8"" Str 12L 580mm 90D 12L ",HOSE 3,8.87,4.00,Pcs,35.48,STD
600841,XCG2 Display mounting kit Volvo,810102,6.13,1.00,Pcs,6.13,STD
600847,"Hose 1/2"" STR 15L L960 Bulk 15L",HOSE 9,17.00,2.00,Pcs,34.00,STD
600848,"Hose 1/2"" STR15L L1000 BULK 15L",HOSE 8,17.33,9.00,Pcs,155.97,STD
600934,Inst kit Dual Feeder 25 generic,INSTALL KIT - OPTIONS,210.29,1.00,Pcs,210.29,STD
600947,Mounting kit CM XCG2 RF generic,810104,13.87,5.00,Pcs,69.35,STD
601017,"Hose 1/4"" STR 8L L620 STR 10L",HOSE 5,6.70,10.00,Pcs,67.00,STD
601018,"Hose 1/4"" STR 8L L650 STR 10L",HOSE 1,6.87,9.00,Pcs,61.83,STD
601019,"Hose 1/4"" Str 10L L530 Str 8L ",HOSE 4,6.62,2.00,Pcs,13.24,STD
601020,"Hose 1/4"" Str 10L L550 Str 8L ",HOSE 4,6.24,3.00,Pcs,18.72,STD
601077,Hydraulic Pallet Fork HPF5000 - SQ60-5 (L1200),ZONE 1,"4,148.74",1.00,Pcs,"4,148.74",STD
601077,Hydraulic Pallet Fork HPF5000 - SQ60-5 (L1200),ZONE 3,"4,148.74",1.00,Pcs,"4,148.74",STD
601077,Hydraulic Pallet Fork HPF5000 - SQ60-5 (L1200),ZONE 2,"4,148.74",1.00,Pcs,"4,148.74",STD
601077DEMO,Hydraulic Pallet Fork HPF SQ60-5,ZONE 3,"3,103.20",1.00,Pcs,"3,103.20",STD
601125,Mounting kit GEOfit Volvo,040204,8.87,3.00,Pcs,26.61,STD
601141,Worm Flange X12 Black with bushing,050301,66.68,2.00,Pcs,133.36,STD
601142,Worm Flange X18 Black with bushing,800603,75.05,2.00,Pcs,150.10,STD
601167,"Hose 3/8"" Str 10L L560 Str 10L",HOSE 8,10.08,5.00,Pcs,50.40,STD
601168,"Hose 3/8"" Str10L L260 90D 12L",HOSE 1,9.40,3.00,Pcs,28.20,STD
601243,Hydraulic Pallet Fork HPF5000 - SQ70 (L1200),ZONE 1,"4,948.33",1.00,Pcs,"4,948.33",STD
601290,XCG2 Track steering Generic ,INSTALL KIT - OPTIONS,730.96,2.00,Pcs,"1,461.92",STD
601306SP,S60/SQ60 FPL2 Interim SP Kit,KIT SHELF 010104,99.85,4.00,Pcs,399.40,STD
601325,Mounting kit WS module,800608,1.28,2.00,Pcs,2.56,STD
601351,"Hose 1/4"" 90D 8L L450 90D 10L",HOSE 2,12.82,15.00,Pcs,192.30,STD
601427,X07 S50/S50 CS9 GU CL TA+RA+EL-TB+RB,080401,"8,394.80",1.00,Pcs,"8,394.80",STD
601604,"Hose 1/4"" 45D 10L L350 90D 8L",HOSE 1,7.12,5.00,Pcs,35.60,STD
601605,"Hose 1/4"" 45D 10L L210 90D 8L",HOSE 2,11.81,5.00,Pcs,59.05,STD
601606,"Hose 1/8"" 90D 6L L290 Banjo 1/8""",HOSE 3,5.97,5.00,Pcs,29.85,STD
601607,"Hose 1/8"" Banjo 1/8"" L250 Banjo 1/8""",HOSE 4,6.45,3.00,Pcs,19.35,STD
601608,"Hose 3/16"" Str 6L L355 Str 6L",HOSE 4,11.24,1.00,Pcs,11.24,STD
601609,"Hose 3/16"" Str 6L L350 45D 6L",HOSE 3,14.33,10.00,Pcs,143.30,STD
601612,Check Valve Assembly,800404,11.82,3.00,Pcs,35.46,STD
601656,"Hose 1/4"" STR BSP1/4 L1250 BSP STR 1/4""",830203,10.40,4.00,Pcs,41.60,STD
601715SPECIAL,QCS50FPL Mecalac 6/8MCR - Special,030702,0.00,1.00,Pcs,0.00,STD
601737,"Hose 3/8"" 90D 12L L1290 STR 12L",********,17.25,4.00,Pcs,69.00,STD
601743,"Hose 1/2"" Bulk 15L L1050 90D 15L",HOSE 7,20.99,1.00,Pcs,20.99,STD
601744,"Hose 1/2"" Bulk 15L L1010 90D 15L",HOSE 7,16.23,1.00,Pcs,16.23,STD
601784,Rep Kit CLS CentLubr X04-X32 Specma,KIT SHELF 010106,42.35,2.00,Pcs,84.70,STD
601845,Valve 807014 w DT X04/X06/X07CS10,800507,220.13,2.00,Pcs,440.26,STD
601845,Valve 807014 w DT X04/X06/X07CS10,QUARANTINE,220.13,1.00,Pcs,220.13,STD
601856,Machine Cable G2-RF Compact Generic,800101,125.90,3.00,Pcs,377.70,STD
601909,Widening kit 20mm tilt cyl X32,KIT SHELF 010107,182.26,4.00,Pcs,729.04,STD
601946,Valve 800968+DT X04/X07 CS10,800402,289.74,1.00,Pcs,289.74,STD
602062,QCS50FPL Mecalac 10&12 MXT/10MCR,030804,"2,208.58",1.00,Pcs,"2,208.58",STD
602081B,QCS60FPL Komatsu PC138/PW160,030803,"3,110.89",1.00,Pcs,"3,110.89",STD
602094,"Kit,Connector Joystick Neuson EW EC",810203,14.40,7.00,Pcs,100.80,STD
602124,"Hose 1/4"" STR ORFS 11/16 L1160 STR ORFS 11/16 ",HOSE 6,15.86,1.00,Pcs,15.86,STD
602166SP,UC DF X26 CAT320E/325F G3,QUARANTINE,0.00,1.00,Pcs,0.00,STD
602191SP,Central Lubr CLS X20-26 After Sales,KIT SHELF 010102,365.90,2.00,Pcs,731.80,STD
602224,Kit WS Volvo EW60E,INSTALL KIT - OPTIONS,"1,270.82",4.00,Pcs,"5,083.28",STD
602236,Joystick adjustm kit M12/14/1415,810208,20.93,3.00,Pcs,62.79,STD
602238,Geofit Lever kit with locking pin,040204,45.72,1.00,Pcs,45.72,STD
602274,Display mounting kit Volvo E-serie,810102,7.28,7.00,Pcs,50.96,STD
602312,"UC DF X06+ CC245,PD45,WF184 cast",020203,578.90,2.00,Pcs,"1,157.80",STD
602326,"Hose 1/2"" STR ORFS 13/16 L700 90D ORFS 13/16",HOSE 9,11.14,5.00,Pcs,55.70,STD
602333,"UC WU X18 DF CC390, PD65, W322",020804,"2,141.85",1.00,Pcs,"2,141.85",STD
602334,"UC WU X18 DF CC430, PD70, W322",020404,"2,141.85",1.00,Pcs,"2,141.85",STD
602354,"Hose1/2"" STR12L L950 STR ORFS 13/16""",HOSE 6,42.30,5.00,Pcs,211.50,STD
602410,GEOfit M/F G+E+O (2 hose) RF Volvo,KIT SHELF 010102,"1,206.00",1.00,Pcs,"1,206.00",STD
602448,"Hose 1/2"" STR BSP 1/2"" 1300 STR 15L",HOSE 5,13.08,3.00,Pcs,39.24,STD
602449,"Hose kit, Hydradig 110W CS9",830203,155.49,6.00,Pcs,932.94,STD
602568SP,PWM to Analog kit,810204,163.45,7.00,Pcs,"1,144.15",STD
602569,Kit WS JCB Hydradig,INSTALL KIT - OPTIONS,"1,350.11",2.00,Pcs,"2,700.22",STD
602647SP,XCG2 Inst kit JCB Hydradig RF,INSTALL KITS - MACHINE SPECIFIC,"1,821.03",2.00,Pcs,"3,642.06",STD
602679,Hose 1/8 banjo L225 Str 6L ,HOSE 4,6.54,4.00,Pcs,26.16,STD
602684,X07 Gear wheel rep. kit,030203,822.88,1.00,Pcs,822.88,STD
602730,"Hose 3/16"" Str.6L-Str. weo DIN 360",HOSE 2,11.73,5.00,Pcs,58.65,STD
602731,"Hose 3/16"" STR 6L L380 STR weo8LM",HOSE 2,11.62,31.00,Pcs,360.22,STD
602732,"Hose 1/4"" Str 10L L370 45D weo 1/4""",HOSE 3,15.30,9.00,Pcs,137.70,STD
602818,Wrist Support Kit for L8 Joystick,INSTALL KIT - OPTIONS,124.86,4.00,Pcs,499.44,STD
602849,"Kit Quick coupling Unit Female 3/4""",800304,84.03,17.00,Pcs,"1,428.51",STD
602853,"Kit Quick coupling Unit Female 1""",800305,106.29,6.00,Pcs,637.74,STD
602861,"Hose 3/4"" STR ORFS 1"" L770 45 DEG ORFS 1""",HOSE 5,22.00,3.00,Pcs,66.00,STD
602862,"Hose 3/4"" STR ORFS 1"" L610 45DEG ORFS 1""",HOSE 5,20.75,3.00,Pcs,62.25,STD
602897SP,UC DF X18 CAT 313GC/315F,020201,"2,487.19",1.00,Pcs,"2,487.19",STD
602926DEMO,Multi Grapple MG25-S50 Demo,ZONE 9,"2,375.00",1.00,Pcs,"2,375.00",STD
603007,Bucket SB25T wo adapter,OUTSIDE-CONTAINER,"16,784.39",1.00,Pcs,"16,784.39",STD
603029,Bucket DB1T-S30/180 (50L 60kg),070601,283.46,1.00,Pcs,283.46,STD
603083,"Hose 1/4"" Str 10L L470 45D Weo 1/4""",HOSE 1,11.40,4.00,Pcs,45.60,STD
603084,"Hose 3/16"" Str 8L L450 Str Weo 1/4""",HOSE 1,12.84,5.00,Pcs,64.20,STD
603128,X18 Gear wheel rep. kit Niebuhr,********,"1,713.14",1.00,Pcs,"1,713.14",STD
603283,"Hose 1/4"" M Bulkh 12L 600mm F 90D 8L",HOSE 1,18.43,1.00,Pcs,18.43,STD
603285,"Hose 1/4"" 45D Banjo L630 Bulk 12L ",HOSE 4,16.71,1.00,Pcs,16.71,STD
603309,WOA L SQ80 2x1,010701,"1,737.11",1.00,Pcs,"1,737.11",STD
603313,"WOA L SQ80 2X1, 1x3/4",010703,"1,790.83",1.00,Pcs,"1,790.83",STD
603316,WOA H SQ60-5 2x3/4,010402,884.23,3.00,Pcs,"2,652.69",STD
603316,WOA H SQ60-5 2x3/4,010803,884.23,5.00,Pcs,"4,421.15",STD
603319,WOA H SQ70 2x1/2,010402,"1,231.01",1.00,Pcs,"1,231.01",STD
603319,WOA H SQ70 2x1/2,010403,"1,231.01",2.00,Pcs,"2,462.02",STD
603319,WOA H SQ70 2x1/2,010303,"1,231.01",1.00,Pcs,"1,231.01",STD
603347,Kit XCG2 AUX Generic 4xDT No Valve,INSTALL KIT - OPTIONS,349.79,4.00,Pcs,"1,399.16",STD
603393,"Kit Quick coupling Unit Female 1/2""",800305,73.68,14.00,Pcs,"1,031.52",STD
603395,"Kit Quick coupling Unit Female 3/8""",800304,63.42,6.00,Pcs,380.52,STD
603400,Service kit SQ,800202,151.84,4.00,Pcs,607.36,STD
603401,"Kit female dummy 1/2""",800306,9.61,19.00,Pcs,182.59,STD
603402,"Kit female dummy 1""",800306,13.08,2.00,Pcs,26.16,STD
603403,"Kit female dummy 3/4""",800306,23.00,27.00,Pcs,621.00,STD
603416,Sensor assy Gear X32,810207,38.32,3.00,Pcs,114.96,STD
603417,Sensor assy Motor X12 X20 X26 X32,810207,32.49,3.00,Pcs,97.47,STD
603419,Support Tool Kit Volvo FF E2,810201,166.72,1.00,Pcs,166.72,STD
603467,Sensor assy Motor X14 X18,810202,32.49,5.00,Pcs,162.45,STD
603483DEMO,QCSQ60-5FPL Hitachi ZX130LCN/135,030303,"4,883.48",1.00,Pcs,"4,883.48",STD
603484SP,Gripper Unit X18/X20 S60 HF,040801,"1,944.86",1.00,Pcs,"1,944.86",STD
603579,Kit Quantum TRM x 3,INSTALL KIT - OPTIONS,224.75,9.00,Pcs,"2,022.75",STD
603580,Kit Quantum HUB + TRM,INSTALL KIT - OPTIONS,437.69,11.00,Pcs,"4,814.59",STD
603728,"Hose 3/4"" 45D ORFS12 L730 str3/4""",HOSE 7,23.57,4.00,Pcs,94.28,STD
603729,"Hose 3/4"", ORFS12 90 - str3/4""500mm",HOSE 6,20.22,10.00,Pcs,202.20,STD
603731,"Hose 3/4"", ORFS16 90 - str3/4""400mm",HOSE 5,22.80,1.00,Pcs,22.80,STD
603736,"Hose 1/2"" STR ORFS 13/16"" L900 45D ORFS 13/16",HOSE 9,12.73,9.00,Pcs,114.57,STD
603742,"Hose 3/4"" 20S L2100 BSP 3/4""",HOSE 9,53.01,4.00,Pcs,212.04,STD
603746SP,Gripper Unit X26/X32 S70 HF FPL1,040801,"1,937.51",1.00,Pcs,"1,937.51",STD
603746SP,Gripper Unit X26/X32 S70 HF FPL1,040501,"1,937.51",1.00,Pcs,"1,937.51",STD
603766,QCSQ50 FPL2 JCB 85Z-1/86Z G3,030603,"3,824.80",1.00,Pcs,"3,824.80",STD
603772,Machine cable kit Generic G2 SQ,800102,163.76,8.00,Pcs,"1,310.08",STD
603787SP,Connector V14 HWT SQ50,KIT SHELF 010103,163.53,2.00,Pcs,327.06,STD
603794,Sorting Grapple SG25 wo Adapter,ZONE 8,"6,850.57",1.00,Pcs,"6,850.57",STD
603813,Hose Kit QCS40FPLW ECR/35/38/48/50,830203,35.24,3.00,Pcs,105.72,STD
603848,"Hose 1/2"" Str-90D ORFS 13/16 - 280",HOSE 3,33.00,12.00,Pcs,396.00,STD
603860,QTM Inst kit EW60E FF L8 for US,INSTALL KITS - MACHINE SPECIFIC,"3,223.37",3.00,Pcs,"9,670.11",STD
603864,"WOA L SQ60-5 2x3/4, 2x3/8, 1x1/2",010703,"1,149.60",1.00,Pcs,"1,149.60",STD
603866,"WOA H SQ60-5 2x3/4, 2x3/8, 1x1/2",010702,"1,001.09",6.00,Pcs,"6,006.54",STD
603866,"WOA H SQ60-5 2x3/4, 2x3/8, 1x1/2",010203,"1,001.09",1.00,Pcs,"1,001.09",STD
603868,"WOA L SQ70 2x1, 2x1/2, 1x3/4",010702,"1,767.05",1.00,Pcs,"1,767.05",STD
603869,"WOA H SQ70 2x1"",1x3/4"",2x1/2""",010503,"1,357.75",1.00,Pcs,"1,357.75",STD
603869,"WOA H SQ70 2x1"",1x3/4"",2x1/2""",010703,"1,357.75",3.00,Pcs,"4,073.25",STD
603876,"WOA L SQ80 2X1, 2x1/2, 2x3/4",010701,"1,950.46",1.00,Pcs,"1,950.46",STD
603877,"WOA SQ80 2x1, 2x1/2, 2x3/4",010703,"1,660.22",1.00,Pcs,"1,660.22",STD
603877,"WOA SQ80 2x1, 2x1/2, 2x3/4",010703,"1,660.22",1.00,Pcs,"1,660.22",STD
603877,"WOA SQ80 2x1, 2x1/2, 2x3/4",010403,"1,660.22",2.00,Pcs,"3,320.44",STD
603995,Hose Kit X1 QCSQ70/80,KIT SHELF 010101,278.72,1.00,Pcs,278.72,STD
603997,Hose EC300 SQ70 X3 line TBD,HOSE 6,17.04,3.00,Pcs,51.12,STD
603998,Hose X3-conn manifo QCSQ70-80 Volvo,HOSE 2,15.57,3.00,Pcs,46.71,STD
604066,QCSQ80FPL Volvo EC360/380E/400FNL,030601,"7,598.36",1.00,Pcs,"7,598.36",STD
604066,QCSQ80FPL Volvo EC360/380E/400FNL,020801,"7,598.36",1.00,Pcs,"7,598.36",STD
604074,"Grading Beam, GR1500-S50",ZONE 1,"3,903.46",2.00,Pcs,"7,806.92",STD
604079US,"Grading Beam, GR2000-S60 -US",ZONE 1,"3,514.78",2.00,Pcs,"7,029.56",STD
604079US,"Grading Beam, GR2000-S60 -US",ZONE 1,"3,514.78",1.00,Pcs,"3,514.78",STD
604084B,"Grading Beam, GR2500-S60",ZONE 2,"3,954.76",2.00,Pcs,"7,909.52",STD
604121,Sealkit Motor Screening Bucket ,800505,77.44,3.00,Pcs,232.32,STD
604129,Kit SQ60/SQ70/SQ80 CLS,KIT SHELF 02 01 04,141.04,1.00,Pcs,141.04,STD
604132,"Kit turning block SQ 1/4""",800505,128.15,2.00,Pcs,256.30,STD
604136,Kit El.conn Volvo L8,810107,3.91,9.00,Pcs,35.19,STD
604154,Seal kit cylinder X12/X14,810407,55.15,4.00,Pcs,220.60,STD
604155,Seal kit cylinder X18/X20,810507,56.66,5.00,Pcs,283.30,STD
604156,Seal kit cylinder X26,810407,58.99,4.00,Pcs,235.96,STD
604157,Valve cyl overcenter 1CE30-N-21-S2,800506,55.12,7.00,Pcs,385.84,STD
604210,Seal kit Motor HC60/90,810407,123.17,1.00,Pcs,123.17,STD
604222,Joystick SPST analogue 2P,810205,11.73,7.00,Pcs,82.11,STD
604240,"Hose 3/4"" str 20S - 90 20S 850mm",HOSE 7,29.85,2.00,Pcs,59.70,STD
604241,"Hose 5/8"" STR 20S L620 90D Long 20S",HOSE 6,36.28,10.00,Pcs,362.80,STD
604242,"Hose 5/8"" str 18L 740mm 90D 18L Long",HOSE 9,22.75,6.00,Pcs,136.50,STD
604243,"Hose 5/8"" Str 18L L990 45D 18L",HOSE 9,23.23,1.00,Pcs,23.23,STD
604244,"Hose 5/8"" Str 18L L1310 90D 18L",HOSE 7,35.19,4.00,Pcs,140.76,STD
604247B,QCS50 FPL2W Volvo EWR130,030803,"2,588.25",1.00,Pcs,"2,588.25",STD
604247B,QCS50 FPL2W Volvo EWR130,030702,"2,588.25",1.00,Pcs,"2,588.25",STD
604274,QCSQ80FPL Komatsu PC360,020801,"7,495.52",1.00,Pcs,"7,495.52",STD
604301B,QCSQ60-5FPL Komatsu PC138/PW148/PW158,020802,"3,702.29",1.00,Pcs,"3,702.29",STD
604301B,QCSQ60-5FPL Komatsu PC138/PW148/PW158,030703,"3,702.29",1.00,Pcs,"3,702.29",STD
604350,"Quick coupling Unit Female 3/8""",800303,54.29,1.00,Pcs,54.29,STD
604351,"Quick coupling Unit Female 3/4""",800302,62.31,6.00,Pcs,373.86,STD
604352,"Quick Coupling Unit Female 1/2""",800302,62.53,20.00,Pcs,"1,250.60",STD
604353HT,"Quick Coupling Unit Female 1"" - High Temp",800302,82.24,45.00,Pcs,"3,700.80",STD
604356,Hose Kit X3 QCSQ60/70/80,KIT SHELF 010101,78.24,4.00,Pcs,312.96,STD
604453,Drivers Box SQ70-80 Coup/Tool/Seal,050401,"1,140.15",4.00,Pcs,"4,560.60",STD
604453,Drivers Box SQ70-80 Coup/Tool/Seal,STALLED,"1,140.15",2.00,Pcs,"2,280.30",STD
604456,Drivers Box SQ60-5,KIT SHELF 010105,834.41,6.00,Pcs,"5,006.46",STD
604457,Inst Kit QC Controller,INSTALL KITS - MACHINE SPECIFIC,829.58,2.00,Pcs,"1,659.16",STD
604470,FG20 5 fingers -S40,050801,"5,433.18",1.00,Pcs,"5,433.18",STD
604470,FG20 5 fingers -S40,050801,"5,433.18",1.00,Pcs,"5,433.18",STD
604470US,FG20 5 fingers -S40 -US,040401,"4,925.20",1.00,Pcs,"4,925.20",STD
604476,FG25 5 fingers -S50,050801,"7,479.03",2.00,Pcs,"14,958.06",STD
604476,FG25 5 fingers -S50,050601,"7,479.03",1.00,Pcs,"7,479.03",STD
604477,FG25 5 fingers -S60,050604,"7,671.22",1.00,Pcs,"7,671.22",STD
604477,FG25 5 fingers -S60,ZONE 9,"7,671.22",1.00,Pcs,"7,671.22",STD
604495,"Tine grapple, FG20/7-S40",050703,"6,051.35",1.00,Pcs,"6,051.35",STD
604495,"Tine grapple, FG20/7-S40",050802,"6,051.35",1.00,Pcs,"6,051.35",STD
604495US,"Tine grapple, FG20/7-S40 -US",050602,"5,543.37",1.00,Pcs,"5,543.37",STD
604495US,"Tine grapple, FG20/7-S40 -US",STALLED,"5,543.37",1.00,Pcs,"5,543.37",STD
604497,"Tine grapple, FG20/7-S50",050501,"6,196.65",1.00,Pcs,"6,196.65",STD
604497,"Tine grapple, FG20/7-S50",050702,"6,196.65",1.00,Pcs,"6,196.65",STD
604501,"Tine grapple, FG25/7-S50",ZONE 9,"8,014.71",1.00,Pcs,"8,014.71",STD
604501,"Tine grapple, FG25/7-S50",ZONE 8,"8,014.71",1.00,Pcs,"8,014.71",STD
604509,"Tine grapple, FG40/7-S60",050601,"11,771.90",1.00,Pcs,"11,771.90",STD
604509,"Tine grapple, FG40/7-S60",050701,"11,771.90",1.00,Pcs,"11,771.90",STD
604509DEMO,"Tine grapple, FG40/7-S60 Demo",ZONE 3,"12,824.11",1.00,Pcs,"12,824.11",STD
604511,"Tine grapple, FG40/7-SQ60-5",ZONE 8,"12,472.14",1.00,Pcs,"12,472.14",STD
604512,"Tine grapple, FG40/7-S70",050401,"12,041.12",1.00,Pcs,"12,041.12",STD
604512,"Tine grapple, FG40/7-S70",ZONE 10,"12,041.12",3.00,Pcs,"36,123.36",STD
604512,"Tine grapple, FG40/7-S70",ZONE 9,"12,041.12",1.00,Pcs,"12,041.12",STD
604513,"Tine grapple, FG40/7-SQ70",050601,"13,353.42",1.00,Pcs,"13,353.42",STD
604513,"Tine grapple, FG40/7-SQ70",ZONE 7,"13,353.42",1.00,Pcs,"13,353.42",STD
604518,XCG2 Volvo ECR145/235/355 incl act,INSTALL KIT - OPTIONS,"1,391.49",1.00,Pcs,"1,391.49",STD
604564,QCSQ80FPL Komatsu PC490-10,STALLED,"7,773.93",1.00,Pcs,"7,773.93",STD
604583,"UC WU X20 DF CC400,PD70,W334",020404,"2,812.13",1.00,Pcs,"2,812.13",STD
604626,"Hose 3/4"" STR BSPP 3/4"" L630 45D ORFS 1 3/16""",HOSE 8,22.64,5.00,Pcs,113.20,STD
604641,"Hose 3/8"" ORFS 13/16"" L500 ORFS 13/16"" ",HOSE 4,9.72,1.00,Pcs,9.72,STD
604642,"Hose 3/8"" STR ORFS 13/16 L750 STR ORFS 13/16",HOSE 4,10.49,1.00,Pcs,10.49,STD
604643,"Hose 3/8"" STR ORFS 13/16 L650 90D ORFS 13/16 ",HOSE 4,10.71,1.00,Pcs,10.71,STD
604655,"Hose 5/8"" STR 18L L650 STR 18L",HOSE 9,15.78,10.00,Pcs,157.80,STD
604656,"Hose 5/8"" STR 18L L300 90D 18L",HOSE 8,39.70,8.00,Pcs,317.60,STD
604657,"Hose 5/8"" STR 18L L670 90D 18L",HOSE 9,17.48,15.00,Pcs,262.20,STD
604713,"Connector, V14 QC SQ60 Assy",KIT SHELF 010103,196.53,4.00,Pcs,786.12,STD
604714,"Connector, V14 QC SQ70 Assy",KIT SHELF 010103,188.59,10.00,Pcs,"1,885.90",STD
604715,"Connector,V14 QCSQ45-SQ90 FPL2 ass",040301,154.58,17.00,Pcs,"2,627.86",STD
604720,"Connector, V14 TR/WT SQ60 Assy",KIT SHELF 010103,138.64,5.00,Pcs,693.20,STD
604721,"Connector, V14 TR/WT SQ70 Assy",KIT SHELF 010103,132.76,3.00,Pcs,398.28,STD
604723,"Connector, V14 TR/WT SQ80 Assy",KIT SHELF 010103,147.64,2.00,Pcs,295.28,STD
604886,QCSQ80FPL CAT 336F/336NG/340,030701,"7,564.07",1.00,Pcs,"7,564.07",STD
605032,Kit Hose QCSQ60,KIT SHELF 010101,280.93,2.00,Pcs,561.86,STD
605035,Kit Covers SQ70 Closed,KIT SHELF 010102,49.22,2.00,Pcs,98.44,STD
605037,Kit Covers SQ80,830103,120.82,1.00,Pcs,120.82,STD
605110,"Kit SQ60-5 Fem 2x3/4"",1x1/2"",2x3/8",KIT SHELF 010102,335.17,5.00,Pcs,"1,675.85",STD
605135,Hose X04 X06 Grip+extra,HOSE 1,14.34,17.00,Pcs,243.78,STD
605147US,FG32 5 fingers -S60 -US,040403,"8,834.90",1.00,Pcs,"8,834.90",STD
605149,FG32 5 fingers -SQ60-5,ZONE 9,"10,483.89",1.00,Pcs,"10,483.89",STD
605149,FG32 5 fingers -SQ60-5,ZONE 3,"10,483.89",1.00,Pcs,"10,483.89",STD
605152US,"Tine grapple, FG32/7-S60 -US",050401,"9,659.87",1.00,Pcs,"9,659.87",STD
605152US,"Tine grapple, FG32/7-S60 -US",050502,"9,659.87",2.00,Pcs,"19,319.74",STD
605154,"Tine grapple, FG32/7-SQ60-5",ZONE 9,"11,325.97",1.00,Pcs,"11,325.97",STD
605184,"Hose 1/2"" ORFS str- 45 13/16"" L-480",HOSE 3,10.62,1.00,Pcs,10.62,STD
605184,"Hose 1/2"" ORFS str- 45 13/16"" L-480",HOSE 4,10.62,2.00,Pcs,21.24,STD
605401,Seal kit HF block/swivel,800507,40.43,3.00,Pcs,121.29,STD
605516,"Hose 1/2"" STR ORFS 13/16"" L265 90D ORFS 13/16""",810307,35.10,13.00,Pcs,456.30,STD
605517,"Hose 3/8"" Str ORFS 11/16"" L260 90D ORFS 11/16""",810307,8.69,15.00,Pcs,130.35,STD
605523,Seal kit Cylinder SG20/MG20,810503,47.22,1.00,Pcs,47.22,STD
605525,Seal kit Cylinder SG40/MG40,810503,56.66,1.00,Pcs,56.66,STD
605526,Seal kit Cylinder SG55/MG55,810608,62.95,1.00,Pcs,62.95,STD
605533,Fixed brush FB1800-S40,ZONE 1,"2,623.22",1.00,Pcs,"2,623.22",STD
605538US,Fixed brush FB2500-S60 -US,ZONE 1,"2,569.67",1.00,Pcs,"2,569.67",STD
605645B,QCS50 FPL2W Mecalac Universal,030704,"3,296.70",1.00,Pcs,"3,296.70",STD
605654,QCSQ80FPL Komatsu PC290,030601,"7,833.12",1.00,Pcs,"7,833.12",STD
605654,QCSQ80FPL Komatsu PC290,030801,"7,833.12",1.00,Pcs,"7,833.12",STD
605715,Hose X14/X18 CLS Feeder,810607,10.35,4.00,Pcs,41.40,STD
605720,"WOA SQ90 4x1""",070801,"2,533.07",3.00,Pcs,"7,599.21",STD
605721,"WOA SQ90 2x1/2"", 4x1""",010801,"2,606.22",1.00,Pcs,"2,606.22",STD
605721,"WOA SQ90 2x1/2"", 4x1""",060301,"2,606.22",1.00,Pcs,"2,606.22",STD
605728,"Kit el connector 1/2"" QC SQ60-90",040204,27.29,2.00,Pcs,54.58,STD
605729,"Kit el connector 3/4"" QC SQ60-90",040204,140.90,5.00,Pcs,704.50,STD
605765,X12 CLS Feeder Hose,810607,10.24,3.00,Pcs,30.72,STD
605766,X18/X20 CLS Feeder Hose,810607,10.49,3.00,Pcs,31.47,STD
605796,"X07 DF CC310,PD50,WF216,WR240",020103,753.89,1.00,Pcs,753.89,STD
606014,Widening kit 6mm tilt cyl X26,KIT SHELF 010107,54.64,3.00,Pcs,163.92,STD
606074,Hose kit SG/MG/FG 20,030202,91.17,18.00,Pcs,"1,641.06",STD
606075,Kit hose SG/MG/FG25 X12-X14 FPL1,030202,85.52,8.00,Pcs,684.16,STD
606078,XCG2 Kit TS PWM Pedal,INSTALL KIT - OPTIONS,579.08,5.00,Pcs,"2,895.40",STD
606187,"Hose 3/16"" STR 6L L1000 Banjo 1/8""",HOSE 4,16.53,2.00,Pcs,33.06,STD
606198,QCSQ80FPL Doosan DX340LC/DX380LC,030601,"7,680.60",1.00,Pcs,"7,680.60",STD
606397,Sensor ass Gear X12 X14 X18 X20 X26,810201,32.36,3.00,Pcs,97.08,STD
606400B,QCS60FPL PD65 CC355-385 inc hook,030502,"3,035.31",1.00,Pcs,"3,035.31",STD
606402B,QCS60FPL PD65 CC385-430 inc hook,030804,"3,026.23",2.00,Pcs,"6,052.46",STD
606402B,QCS60FPL PD65 CC385-430 inc hook,030502,"3,026.23",1.00,Pcs,"3,026.23",STD
606402B,QCS60FPL PD65 CC385-430 inc hook,020804,"3,026.23",1.00,Pcs,"3,026.23",STD
606402B,QCS60FPL PD65 CC385-430 inc hook,030802,"3,026.23",1.00,Pcs,"3,026.23",STD
606402B,QCS60FPL PD65 CC385-430 inc hook,030404,"3,026.23",1.00,Pcs,"3,026.23",STD
606406B,QCS60FPL PD70 CC400-435 inc hook,020702,"3,072.24",1.00,Pcs,"3,072.24",STD
606406B,QCS60FPL PD70 CC400-435 inc hook,020701,"3,072.24",2.00,Pcs,"6,144.48",STD
606408B,QCSQ60-5FPL2 PD65 CC355-385 inc hook,030604,"4,333.66",1.00,Pcs,"4,333.66",STD
606408B,QCSQ60-5FPL2 PD65 CC355-385 inc hook,030503,"4,333.66",1.00,Pcs,"4,333.66",STD
606412B,QCSQ60-5FPL PD65 cc385-420 inc hook,030104,"4,320.33",1.00,Pcs,"4,320.33",STD
606412B,QCSQ60-5FPL PD65 cc385-420 inc hook,030603,"4,320.33",1.00,Pcs,"4,320.33",STD
606412B,QCSQ60-5FPL PD65 cc385-420 inc hook,020702,"4,320.33",1.00,Pcs,"4,320.33",STD
606412B,QCSQ60-5FPL PD65 cc385-420 inc hook,030204,"4,320.33",2.00,Pcs,"8,640.66",STD
606414B,QCSQ60-5FPL PD70 cc400-430 inc hook,030303,"4,086.76",1.00,Pcs,"4,086.76",STD
606509,Mounting kit Geofit cable WT,040204,37.30,1.00,Pcs,37.30,STD
606516,X26 DF/S70 CAT M322 CS9 HF2,TR LOCATION,"15,089.72",1.00,Pcs,"15,089.72",STD
606658,"Kit, Cable WT 3m G2 Geofit RF",040204,170.90,4.00,Pcs,683.60,STD
606659,"Kit, Cable WT 3m G2 GEOfit FF ITT",040204,158.28,2.00,Pcs,316.56,STD
606678,"Kit, Geofit G2 3/4"" RF 15m",040204,"1,204.83",2.00,Pcs,"2,409.66",STD
606683,"Hose 1/4"" STR 8L L1000 8L 90D",HOSE 3,12.55,4.00,Pcs,50.20,STD
606773,"Hose 3/8"" STR BSP 3/8"" L1050 STR ORFS 13/16""",HOSE 6,13.17,1.00,Pcs,13.17,STD
606894,UC DF X06 PD45 CC220-245 w Hook,020204,995.86,6.00,Pcs,"5,975.16",STD
607113,"UC X04 DF CC150,PD35,W142 Cast",020101,638.21,1.00,Pcs,638.21,STD
607122,Widening kit 8mm tilt X04/X06/X07,800504,28.91,8.00,Pcs,231.28,STD
607139,Hydraulic Pallet Fork HPF5000 - SQ50 (L1200),ZONE 1,"4,194.15",3.00,Pcs,"12,582.45",STD
607140B,QCS70FPL PD80 CC410-450 inc hook,020803,"4,605.91",1.00,Pcs,"4,605.91",STD
607276,"TCXS30/180 Kubota KX019/U17, Mec, Hook",080803,"1,298.21",1.00,Pcs,"1,298.21",STD
607276,"TCXS30/180 Kubota KX019/U17, Mec, Hook",080602,"1,298.21",1.00,Pcs,"1,298.21",STD
607586,Inst Kit generic- base S- Inc,INSTALL KITS- BASE KITS,"2,197.47",2.00,Pcs,"4,394.94",STD
607586C,Inst Kit generic- bas S- Inc w/o Dual feeder,INSTALL KITS- BASE KITS,"2,163.04",2.00,Pcs,"4,326.08",STD
607586D,Inst Kit generic- base S- w/o DualFeed & J-Stick,INSTALL KITS- BASE KITS,"1,597.38",4.00,Pcs,"6,389.52",STD
607588C,Inst Kit generic- base SQ- Inc w/o Dual feeder,INSTALL KITS- BASE KITS,"2,170.03",1.00,Pcs,"2,170.03",STD
607588D,Inst Kit generic- base SQ- w/o DualFeed & J-Stick,INSTALL KITS- BASE KITS,"1,604.37",1.00,Pcs,"1,604.37",STD
607595,"Hose 1/4"" Banjo 1/4 "" L480 90D 10L",HOSE 3,6.88,5.00,Pcs,34.40,STD
607596,"Hose 3/16"" STR 6L L530 90D 6L",HOSE 5,9.48,15.00,Pcs,142.20,STD
607638SP,Hose kit BSP SG/MG55 SQ70,KIT SHELF 010103,172.25,1.00,Pcs,172.25,STD
607680,Inkit QTM Kobelco-7 CAN-I SK75-SK240,INSTALL KITS - MACHINE SPECIFIC,"2,077.18",2.00,Pcs,"4,154.36",STD
607689,"Kit, Autotilt XCG2/QTM",INSTALL KIT - OPTIONS,316.98,7.00,Pcs,"2,218.86",STD
607814,QCS30/180Hyd Kubota KX019/U17 Hook,STALLED,"1,020.93",1.00,Pcs,"1,020.93",STD
607991,"Hose 1/8"" Str 6L L250 Banjo 1/8""",HOSE 1,11.17,2.00,Pcs,22.34,STD
607992,"Hose 1/8"" 1/8"" banjo L290 Str 6L ",HOSE 1,11.27,2.00,Pcs,22.54,STD
608096,X14 S50/S50 FPL G2 24V GU CL RF L:P+EL-R:T,TR LOCATION,"12,886.62",1.00,Pcs,"12,886.62",STD
608113,"Hose 1/8"" Banjo 1/8"" L470 90D Long 6L",HOSE 2,7.76,3.00,Pcs,23.28,STD
608138,Inkit CS9M MIS Generic (15m),INSTALL KITS - MACHINE SPECIFIC,978.45,2.00,Pcs,"1,956.90",STD
608192B,QCS40FPHW PD45 CC256-285 Hyd inc hook,030703,"1,178.29",1.00,Pcs,"1,178.29",STD
608192B,QCS40FPHW PD45 CC256-285 Hyd inc hook,030402,"1,178.29",1.00,Pcs,"1,178.29",STD
608199,Seal kit Tilt cyl X04/X06,810608,42.51,2.00,Pcs,85.02,STD
608205,Seal kit grippercyl X18/X20/X26/X32,810507,46.12,2.00,Pcs,92.24,STD
608221SP,Gripper Unit X18- X20 SQ60 FPL2,040802,"1,860.25",2.00,Pcs,"3,720.50",STD
608241,Hose Kit QCSQ CLS Con,040301,55.46,4.00,Pcs,221.84,STD
608250,"Hose 5/8"" Str 18L L800 90D Long 18L",HOSE 5,28.90,8.00,Pcs,231.20,STD
608251,"Hose 5/8"" STR 18L L380 90D 18L",HOSE 5,20.11,5.00,Pcs,100.55,STD
608306,"SQ80 Adapt.plate 2x1, 1x3/4, 2x1/2 No Pattern",050604,"3,800.05",1.00,Pcs,"3,800.05",STD
608306,"SQ80 Adapt.plate 2x1, 1x3/4, 2x1/2 No Pattern",010202,"3,800.05",1.00,Pcs,"3,800.05",STD
608306,"SQ80 Adapt.plate 2x1, 1x3/4, 2x1/2 No Pattern",010203,"3,800.05",3.00,Pcs,"11,400.15",STD
608338,X04 S40/S40 FPH G2/CAN CL RF,080501,"5,953.30",5.00,Pcs,"29,766.50",STD
608338,X04 S40/S40 FPH G2/CAN CL RF,080401,"5,953.30",2.00,Pcs,"11,906.60",STD
608340,"X04 S40/S40 FPH G2,GU,CL",080701,"7,838.26",1.00,Pcs,"7,838.26",STD
608340,"X04 S40/S40 FPH G2,GU,CL",TR LOCATION,"7,838.26",1.00,Pcs,"7,838.26",STD
608340,"X04 S40/S40 FPH G2,GU,CL",080301,"7,838.26",1.00,Pcs,"7,838.26",STD
608340,"X04 S40/S40 FPH G2,GU,CL",080601,"7,838.26",1.00,Pcs,"7,838.26",STD
608340,"X04 S40/S40 FPH G2,GU,CL",080802,"7,838.26",2.00,Pcs,"15,676.52",STD
608374,"Hose 3/8"" 90D 12L F - str12L 1340mm",HOSE 5,18.23,2.00,Pcs,36.46,STD
608375,"Hose 1/4"" 10L F str - str10L 1060mm",HOSE 8,9.88,5.00,Pcs,49.40,STD
608379,"Hose 1/4"" 90D 8L - str BH12L 1350mm",HOSE 7,19.36,5.00,Pcs,96.80,STD
608380,"Hose 5/8"" 45D 18L- str 18L 740mm",HOSE 8,25.27,2.00,Pcs,50.54,STD
608381,"Hose 5/8"" 90Long 18L- str18L 1020mm",HOSE 7,39.67,2.00,Pcs,79.34,STD
608382,"Hose 1/2"" str15L- str13/16"" 620mm",HOSE 3,22.58,3.00,Pcs,67.74,STD
608383,"Hose 1/2"" str15L- 90D11/16"" 650mm",HOSE 4,25.48,4.00,Pcs,101.92,STD
608384,"Hose 1/4"" 90D 8L- str8L 920mm",HOSE 3,12.87,15.00,Pcs,193.05,STD
608385,"Hose 1/4"" 90D 8L- 90D8L 540mm",HOSE 3,9.60,2.00,Pcs,19.20,STD
608395,Kit CS9M MIS Generic Base,INSTALL KIT - OPTIONS,807.76,2.00,Pcs,"1,615.52",STD
608449BHH,QCS40FPH Hyd PD40 CC180-200 Hook,030502,"1,111.60",1.00,Pcs,"1,111.60",STD
608449BHH,QCS40FPH Hyd PD40 CC180-200 Hook,030601,"1,111.60",1.00,Pcs,"1,111.60",STD
608512,Kit WS Generic Open Center 24V,INSTALL KIT - OPTIONS,"1,229.63",1.00,Pcs,"1,229.63",STD
608514,Kit WS Load Sense Seperate Tank 24V,INSTALL KIT - OPTIONS,"1,158.12",1.00,Pcs,"1,158.12",STD
608515,Kit WS Load Sense Seperate Tank 12V,INSTALL KIT - OPTIONS,"1,243.68",1.00,Pcs,"1,243.68",STD
608558,QCS50FPL Kubota KX080,030704,"1,990.00",1.00,Pcs,"1,990.00",STD
608558,QCS50FPL Kubota KX080,030603,"1,990.00",1.00,Pcs,"1,990.00",STD
608598,QCSQ90FPL Komatsu PC490,010801,"8,510.04",1.00,Pcs,"8,510.04",STD
608632,"UC DF X04 CC140,PD40,W142",020101,609.09,2.00,Pcs,"1,218.18",STD
608649,QCSQ90FPL CAT 345C/349E,040601,"8,458.30",1.00,Pcs,"8,458.30",STD
608649,QCSQ90FPL CAT 345C/349E,020801,"8,458.30",1.00,Pcs,"8,458.30",STD
608664,X07 S40/S40 FPH G2/CAN GU CL,080601,"8,368.25",1.00,Pcs,"8,368.25",STD
608664,X07 S40/S40 FPH G2/CAN GU CL,DISPLAY TABLE,"8,368.25",1.00,Pcs,"8,368.25",STD
608664,X07 S40/S40 FPH G2/CAN GU CL,TR LOCATION,"8,368.25",4.00,Pcs,"33,473.00",STD
608664,X07 S40/S40 FPH G2/CAN GU CL,080201,"8,368.25",1.00,Pcs,"8,368.25",STD
608666,"X07 DF/S40 PD45,CC220-245 CAN GU CL",080801,"9,005.59",1.00,Pcs,"9,005.59",STD
608666,"X07 DF/S40 PD45,CC220-245 CAN GU CL",080701,"9,005.59",1.00,Pcs,"9,005.59",STD
608666,"X07 DF/S40 PD45,CC220-245 CAN GU CL",080402,"9,005.59",1.00,Pcs,"9,005.59",STD
608666,"X07 DF/S40 PD45,CC220-245 CAN GU CL",TR LOCATION,"9,005.59",6.00,Pcs,"54,033.54",STD
608666,"X07 DF/S40 PD45,CC220-245 CAN GU CL",080601,"9,005.59",1.00,Pcs,"9,005.59",STD
608666,"X07 DF/S40 PD45,CC220-245 CAN GU CL",080401,"9,005.59",1.00,Pcs,"9,005.59",STD
608675,Multi Grapple MG20- wo adapter,STALLED,"4,860.00",1.00,Pcs,"4,860.00",STD
608701,QCSQ90FPL Volvo EC530/550E,SHOWROOM,"8,405.39",1.00,Pcs,"8,405.39",STD
608721,"Connector, V14 TR/WT SQ90 Assy",KIT SHELF 010103,229.63,3.00,Pcs,688.89,STD
608764,QCS40FPHW Hyd PD45 CC220-245 Hook,030502,"1,165.71",3.00,Pcs,"3,497.13",STD
608764,QCS40FPHW Hyd PD45 CC220-245 Hook,030302,"1,165.71",1.00,Pcs,"1,165.71",STD
608764,QCS40FPHW Hyd PD45 CC220-245 Hook,030701,"1,165.71",1.00,Pcs,"1,165.71",STD
608796SP,Hook assy QCS40FPH,800501,59.50,2.00,Pcs,119.00,STD
608908SP,Hose Kit SQ HC60 SQ70-70/55,KIT SHELF 010107,105.70,2.00,Pcs,211.40,STD
608961,Seal kit Swivel HF cmpl,810505,72.64,5.00,Pcs,363.20,STD
608963,QCSQ50 FPL2 PD50 CC280-310 inc hook,020802,"4,140.05",2.00,Pcs,"8,280.10",STD
608963,QCSQ50 FPL2 PD50 CC280-310 inc hook,030401,"4,140.05",1.00,Pcs,"4,140.05",STD
608974,X18 SQ60-5/SQ60-5 G2 HF3 GU CL,TR LOCATION,"14,489.08",1.00,Pcs,"14,489.08",STD
609010,"WOA SQ50 2x1/2""",010601,755.85,5.00,Pcs,"3,779.25",STD
609010,"WOA SQ50 2x1/2""",010702,755.85,1.00,Pcs,755.85,STD
609167,Kit WT SQ50 V14,KIT SHELF 010104,154.66,2.00,Pcs,309.32,STD
609172,"Hose 3/8"" DIN 12L str-str l-1500",HOSE 4,17.32,8.00,Pcs,138.56,STD
609176,Drivers box SQ90,040301,"1,776.08",7.00,Pcs,"12,432.56",STD
609177,Drivers box SQ50,STALLED,809.80,1.00,Pcs,809.80,STD
609177,Drivers box SQ50,050102,809.80,6.00,Pcs,"4,858.80",STD
609182,Kit Covers SQ50,KIT SHELF 010104,74.62,2.00,Pcs,149.24,STD
609190,Hydraulic Compactor HC20-SQ50,040402,"6,090.69",2.00,Pcs,"12,181.38",STD
609198,"Tine grapple, FG20/7 - SQ50",SANDBOX,"8,408.77",2.00,Pcs,"16,817.54",STD
609199,"Tine grapple, FG25/7 - SQ50",ZONE 2,"8,825.89",1.00,Pcs,"8,825.89",STD
609199,"Tine grapple, FG25/7 - SQ50",ZONE  9,"8,825.89",1.00,Pcs,"8,825.89",STD
609199,"Tine grapple, FG25/7 - SQ50",ZONE 7,"8,825.89",1.00,Pcs,"8,825.89",STD
609199,"Tine grapple, FG25/7 - SQ50",050404,"8,825.89",1.00,Pcs,"8,825.89",STD
609341,"UCX07DF CC285,PD45,WF200,WR240",020602,753.89,1.00,Pcs,753.89,STD
609400,Inst Kit QTM CAT PWM NG 312 and up,INSTALL KITS - MACHINE SPECIFIC,"1,674.68",3.00,Pcs,"5,024.04",STD
609401SP,UC DF X12 Hyundai HX85W,020502,"2,238.35",1.00,Pcs,"2,238.35",STD
609442,"Hose 1/4"" STR 6S L600 STR 8L",HOSE 3,15.84,2.00,Pcs,31.68,STD
609471,QCSQ50 FPL2 Komatsu PC78/88MR/PW98,030401,"3,841.52",1.00,Pcs,"3,841.52",STD
609481,Kit Drain rotor motor X12-X26 RF,KIT SHELF 010109,46.17,3.00,Pcs,138.51,STD
609482,Kit Drain rotor motor X04-X06 RF,KIT SHELF 02 01 04,55.29,1.00,Pcs,55.29,STD
609483,Kit Drain rotor motor X07 RF,KIT SHELF 010104,53.32,2.00,Pcs,106.64,STD
609487,QCS40 FPH KIT from Hyd to Mech Lock,KIT SHELF 010104,122.26,1.00,Pcs,122.26,STD
609530,"Kit Quick coupling Unit Fem 3/8"" SQ50",810301,62.40,17.00,Pcs,"1,060.80",STD
609531,"Kit Quick coupling Unit Fem 1/2"" SQ50",810301,72.73,11.00,Pcs,800.03,STD
609646BMH,QCS40FPHW SANY60 Mech,STALLED,"1,611.09",1.00,Pcs,"1,611.09",STD
609653,"Kit SQ50 Fem 3x1/2"", 2x3/8""",KIT SHELF 010103,360.94,5.00,Pcs,"1,804.70",STD
609698,Widening kit 10mm tilt cyl X12-X20,KIT SHELF 010107,65.82,4.00,Pcs,263.28,STD
609721,Cylinder Locking Unit S50 FPL2,040202,495.29,1.00,Pcs,495.29,STD
609744,Cylinder Lock Unit X04/X07 S40 FPH,040202,237.46,1.00,Pcs,237.46,STD
609766,QCSQ50 FPL2 CAT 310,030803,"4,657.01",1.00,Pcs,"4,657.01",STD
609786,QCSQ50 FPL2 PD45 CC220-245 inc. hook,030603,"3,717.07",1.00,Pcs,"3,717.07",STD
609786,QCSQ50 FPL2 PD45 CC220-245 inc. hook,030604,"3,717.07",1.00,Pcs,"3,717.07",STD
609786,QCSQ50 FPL2 PD45 CC220-245 inc. hook,020702,"3,717.07",1.00,Pcs,"3,717.07",STD
609788,QCSQ50 FPL2 PD60 CC270-300 inc. hook,020803,"4,174.84",1.00,Pcs,"4,174.84",STD
609879,QCS50FPL PD50 CC280-310 inc hook,STALLED,"1,835.06",1.00,Pcs,"1,835.06",STD
609880,QCS50FPL PD45 CC220-245 inc hook,030802,"1,855.09",2.00,Pcs,"3,710.18",STD
609935,UC DF XTR2 JCB 15/16/18/19,********,932.25,1.00,Pcs,932.25,STD
610020SP,Gripper Unit X26/X32 S70 SQ70 FPL2,040702,"2,143.41",6.00,Pcs,"12,860.46",STD
610042,X07 S40/S40 FPH CS9 CL,080602,"5,480.39",1.00,Pcs,"5,480.39",STD
610098,"Hose 1/2"" 45D 15L L590 45D ORFS 1""",HOSE 8,19.28,1.00,Pcs,19.28,STD
610136,XTR2 DF/S30-180 Volvo ECR25 G2,080802,"5,403.66",1.00,Pcs,"5,403.66",STD
610235,XTR2 DF/S30-180 G2 Case CX15X,080702,"5,464.15",1.00,Pcs,"5,464.15",STD
610236,XTR2 DF/S30-180 Case CX17 G2,080801,46.84,2.00,Pcs,93.68,STD
610410SP,Rotation Sensor Swivel V2 HF,810202,75.28,1.00,Pcs,75.28,STD
610417,X12 SQ50/SQ50 CS9 HF3 GU CL,TR LOCATION,"12,360.37",1.00,Pcs,"12,360.37",STD
610442,UC Unit X12 S50,020503,"1,254.16",1.00,Pcs,"1,254.16",STD
610460,"Hose 1/8"" 6L 90d - Banjo M8x1, L500",HOSE 2,8.85,11.00,Pcs,97.35,STD
610461,"Hose 1/2"" 15L 90d - 15L 90d, L550",ASSEMBLY,13.07,2.00,Pcs,26.14,STD
610479B,QCS50FPL2 Kubota KX080/KX085,030404,"2,895.78",1.00,Pcs,"2,895.78",STD
610479B,QCS50FPL2 Kubota KX080/KX085,020802,"2,895.78",1.00,Pcs,"2,895.78",STD
610479B,QCS50FPL2 Kubota KX080/KX085,030702,"2,895.78",1.00,Pcs,"2,895.78",STD
610479B,QCS50FPL2 Kubota KX080/KX085,030704,"2,895.78",1.00,Pcs,"2,895.78",STD
610601,Kit Lock cyl assy S40FPH AC,040202,176.67,5.00,Pcs,883.35,STD
610602,Repl kit Wegdes/Springs QCS40FPH,KIT SHELF 010107,81.21,2.00,Pcs,162.42,STD
610603,Kit Drain rotor motor X32 RF,KIT SHELF 010105,20.57,1.00,Pcs,20.57,STD
610617,X07 S50/S50 G2/CAN GU CL L:P+EL-R:T,080702,"11,353.00",1.00,Pcs,"11,353.00",STD
610681,Hydraulic Compactor HCX6-S40,050503,"3,629.62",1.00,Pcs,"3,629.62",STD
610681,Hydraulic Compactor HCX6-S40,040601,"3,629.62",1.00,Pcs,"3,629.62",STD
610681,Hydraulic Compactor HCX6-S40,040303,"3,629.62",1.00,Pcs,"3,629.62",STD
610685SP,Hose Kit SQ HC40 SQ60-5 ,KIT SHELF 010103,91.88,2.00,Pcs,183.76,STD
610770,Kit hose QCSQ70;70/55;80,KIT SHELF 010101,363.45,3.00,Pcs,"1,090.35",STD
610883,Inkit QTM CAT BCP NG 306-310 NG,INSTALL KITS - MACHINE SPECIFIC,"2,860.76",1.00,Pcs,"2,860.76",STD
610941,Tool XTR2 dismantling spherical bear T-cyl,810508,340.90,1.00,Pcs,340.90,STD
610941,Tool XTR2 dismantling spherical bear T-cyl,810508,340.90,1.00,Pcs,340.90,STD
610977,Hydraulic Compactor HCX12-SQ50,050402,"5,507.23",1.00,Pcs,"5,507.23",STD
610977,Hydraulic Compactor HCX12-SQ50,040402,"5,507.23",1.00,Pcs,"5,507.23",STD
611048,X26 SQ70/SQ70 G2 HF3 GU CL,TR LOCATION,"18,757.94",1.00,Pcs,"18,757.94",STD
611058,"Hose 1/2"" (2x) ORFS 13/16"" SQ70- SQ90",HOSE 3,9.79,2.00,Pcs,19.58,STD
611059,"Hose 1/2"" (2x) ORFS 13/16"" SQ65",HOSE 3,11.94,2.00,Pcs,23.88,STD
611060,"Hose 3/8"" (2x) ORFS 11/16"" SQ60",HOSE 5,10.33,4.00,Pcs,41.32,STD
611061,"Hose 1/2"" (2x) ORFS 13/16"" SQ60",HOSE 5,9.45,6.00,Pcs,56.70,STD
611100,Inkit QTM Volvo EW60E,INSTALL KITS - MACHINE SPECIFIC,"1,144.23",4.00,Pcs,"4,576.92",STD
611106,"Hose 3/8"" Str 10L L650 Str 12L",HOSE 3,8.57,2.00,Pcs,17.14,STD
611121,"Hose 1/4"" Str 8L L950 90D 8L",HOSE 4,7.88,2.00,Pcs,15.76,STD
611174,Kit hose SG/MG/FG25 X12-X14 FPL2,830103,117.28,7.00,Pcs,820.96,STD
611292,Sorting Grapple SGX14-S50,ZONE 10,"6,280.16",2.00,Pcs,"12,560.32",STD
611344,Multi Grapple MGX6-S40,050602,"4,328.36",1.00,Pcs,"4,328.36",STD
611344,Multi Grapple MGX6-S40,050803,"4,328.36",1.00,Pcs,"4,328.36",STD
611344,Multi Grapple MGX6-S40,050503,"4,328.36",1.00,Pcs,"4,328.36",STD
611344,Multi Grapple MGX6-S40,050804,"4,328.36",1.00,Pcs,"4,328.36",STD
611344,Multi Grapple MGX6-S40,050703,"4,328.36",1.00,Pcs,"4,328.36",STD
611344DEMO,Multi Grapple MGX6-S40,050802,"4,328.36",1.00,Pcs,"4,328.36",STD
611350,Multi Grapple MGX20-S60,ZONE 8,"7,626.15",2.00,Pcs,"15,252.30",STD
611352,Multi Grapple MGX26-S70,050701,"8,843.37",1.00,Pcs,"8,843.37",STD
611353,Sorting Grapple SGX6-S40,ZONE 10,"5,693.20",1.00,Pcs,"5,693.20",STD
611356,Sorting Grapple SGX20-S60,ZONE 7,"7,848.55",3.00,Pcs,"23,545.65",STD
611360,Sorting Grapple SGX20-SQ60-5,ZONE 7,"8,304.93",1.00,Pcs,"8,304.93",STD
611365,Multi Grapple MGX8-SQ50,050302,"5,463.65",1.00,Pcs,"5,463.65",STD
611379,Sorting Grapple SGX26-SQ60-5,ZONE 7,"11,287.89",1.00,Pcs,"11,287.89",STD
611449,Hydraulic Compactor HCX8-S50,050403,"3,955.52",1.00,Pcs,"3,955.52",STD
611450,Hydraulic Compactor HCX8-SQ50,050501,"4,434.63",1.00,Pcs,"4,434.63",STD
611476US,APL SQ80 Magnum 32 Rotating Grapple,050603,"3,940.00",1.00,Pcs,"3,940.00",STD
611601,Multi Grapple MGX6-SQ40,050801,"4,758.61",1.00,Pcs,"4,758.61",STD
611601,Multi Grapple MGX6-SQ40,050803,"4,758.61",1.00,Pcs,"4,758.61",STD
611601,Multi Grapple MGX6-SQ40,SHOWROOM,"4,758.61",1.00,Pcs,"4,758.61",STD
611634,Hydraulic Pallet Fork HPF5000 - S60 (L1500),ZONE 1,"3,450.62",1.00,Pcs,"3,450.62",STD
611639,"Hose 3/16"" Str 6L L550 Str 6L",HOSE 3,9.93,4.00,Pcs,39.72,STD
611683,Inkit QTM CAT BCP 301.5-310,INSTALL KITS - MACHINE SPECIFIC,"1,883.31",1.00,Pcs,"1,883.31",STD
611741,Adapter BSP 1/4” F - BSP 1/4” M 90D,820204,1.87,12.00,Pcs,22.44,STD
611742,"Adapter 3/8"" M - 12 LM 90D XWEE 12LR",050201,6.71,10.00,Pcs,67.10,STD
611742,"Adapter 3/8"" M - 12 LM 90D XWEE 12LR",QUARANTINE,6.71,2.00,Pcs,13.42,STD
611743,"Hose 1/4"" Str BSP 1/4"" L185 90D 10L",050201,8.14,8.00,Pcs,65.12,STD
611746,Lock Sense Kit Quantum,INSTALL KIT - OPTIONS,407.38,3.00,Pcs,"1,222.14",STD
611816,"Hose 1/4"" Str 10L L 270 90D 10L",050201,6.80,2.00,Pcs,13.60,STD
611817,"Hose 1/4"" Str 10L L 360 90D 10L",050201,7.06,4.00,Pcs,28.24,STD
612048,XTR2 DF/S30-180 JCB 15/16/18/19 G2,STALLED,"5,498.00",1.00,Pcs,"5,498.00",STD
612050B,QCSQ70FPL2 PD80 CC450-510,030802,"5,819.44",1.00,Pcs,"5,819.44",STD
612050B,QCSQ70FPL2 PD80 CC450-510,030801,"5,819.44",1.00,Pcs,"5,819.44",STD
612051B,QCSQ70FPL PD90 CC463-510,030501,"6,013.75",1.00,Pcs,"6,013.75",STD
612051B,QCSQ70FPL PD90 CC463-510,020702,"6,013.75",1.00,Pcs,"6,013.75",STD
612057,"Hose 1/2"" 15L 90d - 15L 45d, L385 S50 Extra Left",HOSE 5,15.59,2.00,Pcs,31.18,STD
612058,"Hose 3/16"" 6L 90d - 6L 90d, L210",HOSE 3,18.98,2.00,Pcs,37.96,STD
612059,"Hose 3/16"" 6L 90d - 6L 90d, L210",HOSE 3,18.98,2.00,Pcs,37.96,STD
612109,Kit QC Controller 24v Serv Act Valve generic hose,050102,"1,590.60",11.00,Pcs,"17,496.60",STD
612110,Kit QC Controller 12v Serv Act Valve generic hose,050102,"1,581.90",5.00,Pcs,"7,909.50",STD
612168,UC X12 DF CC240-365 W272 WU w hook + bush w paint,020602,"1,678.13",1.00,Pcs,"1,678.13",STD
612171,Kit Safety Gate Pressure Switch,810103,90.39,5.00,Pcs,451.95,STD
612232,Inkit QTM JCB 35/48/50/55z-1,INSTALL KITS - MACHINE SPECIFIC,"2,183.17",2.00,Pcs,"4,366.34",STD
612236,"Hose 3/8"" Str 12L L1065 90D ORFS 13/16""",HOSE 6,17.53,18.00,Pcs,315.54,STD
612237,"Hose MGX/SGX/FGX14,20,26",050202,25.57,16.00,Pcs,409.12,STD
612238,Service kit SQ50,800201,113.38,2.00,Pcs,226.76,STD
612311,"X04 DF/S40 PD45,CC220-245 CAN GU CL",080301,"8,443.22",1.00,Pcs,"8,443.22",STD
612311,"X04 DF/S40 PD45,CC220-245 CAN GU CL",080301,"8,443.22",2.00,Pcs,"16,886.44",STD
612311,"X04 DF/S40 PD45,CC220-245 CAN GU CL",080201,"8,443.22",2.00,Pcs,"16,886.44",STD
612311,"X04 DF/S40 PD45,CC220-245 CAN GU CL",080801,"8,443.22",1.00,Pcs,"8,443.22",STD
612311,"X04 DF/S40 PD45,CC220-245 CAN GU CL",080501,"8,443.22",1.00,Pcs,"8,443.22",STD
612311,"X04 DF/S40 PD45,CC220-245 CAN GU CL",080802,"8,443.22",1.00,Pcs,"8,443.22",STD
612387,Repl kit 200cc motor X14/X18/X20/X26/X32,040102,100.36,4.00,Pcs,401.44,STD
612529,XTR20 SQ60 GU DR Base Unit,050404,"13,884.52",1.00,Pcs,"13,884.52",STD
612529,XTR20 SQ60 GU DR Base Unit,040703,"13,884.52",1.00,Pcs,"13,884.52",STD
612529,XTR20 SQ60 GU DR Base Unit,040404,"13,884.52",1.00,Pcs,"13,884.52",STD
612529,XTR20 SQ60 GU DR Base Unit,050403,"13,884.52",1.00,Pcs,"13,884.52",STD
612545US,XTR20 SQ60-5/SQ60-5 G2 HF3 GU DR V14,TR LOCATION,"21,007.32",1.00,Pcs,"21,007.32",STD
612624,"Hose 3/16"" 90D 8L L630 90D 8L",HOSE 4,12.94,2.00,Pcs,25.88,STD
612755,"Hose 1/4"" 90D 8L L550 90D 10L",HOSE 3,13.42,1.00,Pcs,13.42,STD
612755SP,Repl kit Cylinder MG40/SG40/FG40 SQ,040203,"1,155.06",1.00,Pcs,"1,155.06",STD
612756,Inkit QTM Volvo Compact F-Series RF,INSTALL KITS - MACHINE SPECIFIC,"1,359.58",2.00,Pcs,"2,719.16",STD
612763,QCS50 FPL2W PD50 CC280-310 Hook,030703,"3,174.21",1.00,Pcs,"3,174.21",STD
612770,"Hose 1/2"" Str 15L L540 45D ORFS 13/16""",HOSE 8,14.39,4.00,Pcs,57.56,STD
612796,"Hose 5/8"" STR 3/4"" WEO L570 STR 18L",HOSE 6,20.79,4.00,Pcs,83.16,STD
612797,"Hose 5/8"" Str Weo 3/4"" L700 45D 18L",HOSE 8,27.28,4.00,Pcs,109.12,STD
612836,QCSQ50 FPL2 WN ET/EW65,030302,"3,984.80",1.00,Pcs,"3,984.80",STD
612853,XR20 SQ60-5 Volvo EW/EC160-170 GR,030501,"14,947.73",1.00,Pcs,"14,947.73",STD
612885,Tiltrotator parking dock - S60,QUARANTINE,692.15,1.00,Pcs,692.15,STD
612892,X12 S50/S50 FPL2 G2 HF3 GU CL,TR LOCATION,"11,886.69",1.00,Pcs,"11,886.69",STD
612908SP,X12 UC DF Yanmar SY80,020501,"2,152.50",2.00,Pcs,"4,305.00",STD
612908SP,X12 UC DF Yanmar SY80,020602,"2,152.50",1.00,Pcs,"2,152.50",STD
612943,"Hose 1/2"" 45D 15L L590 45D ORFS 13/16""",ASSEMBLY,15.93,1.00,Pcs,15.93,STD
613000,"XTR15 SQ60-5/SQ60-5 LS G2,HF3,GU,DR",TR LOCATION,"16,862.92",1.00,Pcs,"16,862.92",STD
613052,Fixed Brush FB1800 - S40,ZONE 1,"1,413.61",1.00,Pcs,"1,413.61",STD
613059,Fixed Brush FB2400 - S60,ZONE 1,"1,927.63",1.00,Pcs,"1,927.63",STD
613234,"SQ70 Adapt.plate 2x1, 1x3/4, 2x1/2 No Pattern",010102,"3,246.56",2.00,Pcs,"6,493.12",STD
613234,"SQ70 Adapt.plate 2x1, 1x3/4, 2x1/2 No Pattern",010104,"3,246.56",1.00,Pcs,"3,246.56",STD
613235,"SQ60-5 Adapt.plate 2x3/4"", 1x1/2"", 2x3/8"" No Patt.",010102,"2,103.08",1.00,Pcs,"2,103.08",STD
613235,"SQ60-5 Adapt.plate 2x3/4"", 1x1/2"", 2x3/8"" No Patt.",010101,"2,103.08",1.00,Pcs,"2,103.08",STD
613236,"SQ50 Adapt.plate 3x1/2"", 2x3/8"" No Pattern",030302,"1,368.42",1.00,Pcs,"1,368.42",STD
613393,T-Cylinder S60 w magnet,040202,303.96,1.00,Pcs,303.96,STD
613452,Service kit SQ60-5,********,149.93,20.00,Pcs,"2,998.60",STD
613531,QCSQ60-5 FPL2W Hyundai HW170A,030702,"3,906.54",1.00,Pcs,"3,906.54",STD
613582,QCSQ60 FPL2 base w.Hook and Paint,TR LOCATION,"1,524.05",1.00,Pcs,"1,524.05",STD
613609,XTR23 SQ70/SQ70 G2 HF3 GU DR,ASSEMBLY STATION,"18,429.30",1.00,Pcs,"18,429.30",STD
613612,"X12 SQ50/SQ50 G2,HF3,12V,GU,CL,DR",TR LOCATION,"13,562.67",3.00,Pcs,"40,688.01",STD
613612,"X12 SQ50/SQ50 G2,HF3,12V,GU,CL,DR",SHOWROOM,"13,562.67",1.00,Pcs,"13,562.67",STD
613620,"XTR15 S60 G2,HF3,DR,GU Base Unit",020801,"11,742.65",1.00,Pcs,"11,742.65",STD
613620,"XTR15 S60 G2,HF3,DR,GU Base Unit",080701,"11,742.65",1.00,Pcs,"11,742.65",STD
613620,"XTR15 S60 G2,HF3,DR,GU Base Unit",020802,"11,742.65",1.00,Pcs,"11,742.65",STD
613620,"XTR15 S60 G2,HF3,DR,GU Base Unit",080502,"11,742.65",1.00,Pcs,"11,742.65",STD
613622,"XTR15 SQ60-5 G2,HF3,DR,GU Base Unit",080301,"13,231.77",1.00,Pcs,"13,231.77",STD
613622,"XTR15 SQ60-5 G2,HF3,DR,GU Base Unit",080602,"13,231.77",1.00,Pcs,"13,231.77",STD
613622,"XTR15 SQ60-5 G2,HF3,DR,GU Base Unit",080502,"13,231.77",1.00,Pcs,"13,231.77",STD
613622,"XTR15 SQ60-5 G2,HF3,DR,GU Base Unit",080801,"13,231.77",1.00,Pcs,"13,231.77",STD
613622,"XTR15 SQ60-5 G2,HF3,DR,GU Base Unit",080601,"13,231.77",1.00,Pcs,"13,231.77",STD
613626,"XTR23 S70 G2,HF3,DR,GU Base Unit",TR LOCATION,"14,219.83",1.00,Pcs,"14,219.83",STD
613628,"XTR23 SQ70 G2,HF3,DR,GU Base Unit",TR LOCATION,"14,200.11",5.00,Pcs,"71,000.55",STD
613643,"X04 Base Unit S40 G2,GU,CL",040604,"7,312.35",1.00,Pcs,"7,312.35",STD
613643,"X04 Base Unit S40 G2,GU,CL",TR LOCATION,"7,312.35",7.00,Pcs,"51,186.45",STD
613643,"X04 Base Unit S40 G2,GU,CL",040503,"7,312.35",1.00,Pcs,"7,312.35",STD
613643,"X04 Base Unit S40 G2,GU,CL",040503,"7,312.35",3.00,Pcs,"21,937.05",STD
613643,"X04 Base Unit S40 G2,GU,CL",040504,"7,312.35",3.00,Pcs,"21,937.05",STD
613643,"X04 Base Unit S40 G2,GU,CL",040502,"7,312.35",3.00,Pcs,"21,937.05",STD
613643,"X04 Base Unit S40 G2,GU,CL",040502,"7,312.35",1.00,Pcs,"7,312.35",STD
613645,"X12 Base Unit S50 G2,HF3,GU,CL",TR LOCATION,"10,443.15",1.00,Pcs,"10,443.15",STD
613645,"X12 Base Unit S50 G2,HF3,GU,CL",040303,"10,443.15",1.00,Pcs,"10,443.15",STD
613645,"X12 Base Unit S50 G2,HF3,GU,CL",040404,"10,443.15",1.00,Pcs,"10,443.15",STD
613645,"X12 Base Unit S50 G2,HF3,GU,CL",040704,"10,443.15",1.00,Pcs,"10,443.15",STD
613645,"X12 Base Unit S50 G2,HF3,GU,CL",040304,"10,443.15",2.00,Pcs,"20,886.30",STD
613646,"X18 Base Unit S60 G2,HF3,GU,CL",040704,"12,711.78",1.00,Pcs,"12,711.78",STD
613646,"X18 Base Unit S60 G2,HF3,GU,CL",040404,"12,711.78",1.00,Pcs,"12,711.78",STD
613710,"WOA SQ40 3x7/16""",********,739.87,1.00,Pcs,739.87,STD
613814,XR7 DF/SQ40 GU unmachined,080703,"10,257.63",1.00,Pcs,"10,257.63",STD
613815,XR20 DF/SQ60-5 GU unmachined,080701,"14,351.14",1.00,Pcs,"14,351.14",STD
613850,"InKit CASE CNH CX85,90,100E RF",INSTALL KITS - MACHINE SPECIFIC,"1,438.24",2.00,Pcs,"2,876.48",STD
613914,"X14 S50/S50 FPL2 G2,HF3,24V,GU,CL,DR",TR LOCATION,"12,999.04",2.00,Pcs,"25,998.08",STD
613918,"X26 SQ70/SQ70 G2,HF3,GU,CL,DR",TR LOCATION,"18,842.10",3.00,Pcs,"56,526.30",STD
613921,"X18 S60/S60 FPL2 G2,HF3,GU,CL,DR",TR LOCATION,"13,343.33",2.00,Pcs,"26,686.66",STD
613922,"X12 S50/S50 FPL2 CS9,HF3,12V,GU,CL,DR",TR LOCATION,"10,703.32",4.00,Pcs,"42,813.28",STD
613927,"X12 S50/S50 FPL2 G2,HF3,12V,GU,CL,DR",TR LOCATION,"11,907.49",6.00,Pcs,"71,444.94",STD
613927,"X12 S50/S50 FPL2 G2,HF3,12V,GU,CL,DR",STALLED,"11,907.49",1.00,Pcs,"11,907.49",STD
613928,"XTR20 S60 G2,HF3,GU,DR Base Unit",040703,"12,810.57",1.00,Pcs,"12,810.57",STD
613928,"XTR20 S60 G2,HF3,GU,DR Base Unit",040403,"12,810.57",1.00,Pcs,"12,810.57",STD
613928,"XTR20 S60 G2,HF3,GU,DR Base Unit",050304,"12,810.57",1.00,Pcs,"12,810.57",STD
613943,"Hose 1/2"" Str 15L L470 90D Long 15L",050203,18.55,5.00,Pcs,92.75,STD
613944,"Hose 1/2"" Str 15L L420 90D 15L",050203,13.58,5.00,Pcs,67.90,STD
613945,"Hose 1/4"" Str 8L L400 Banjo 1/4""",HOSE 4,10.27,9.00,Pcs,92.43,STD
613954,"X32 SQ80/SQ80 G2,HF3,GU,V14 DR",QUARANTINE,"29,630.69",1.00,Pcs,"29,630.69",STD
614126,"X12 Base Unit S50 G2,HF3,GU,CL,DR",TR LOCATION,"10,472.88",16.00,Pcs,"167,566.08",STD
614127,"X18 Base Unit S60 G2,HF3,GU,CL,DR",TR LOCATION,"11,900.14",1.00,Pcs,"11,900.14",STD
614167,QCSQ40 FPHW Kubota KX060-5 Hook,QUARANTINE,"4,307.76",1.00,Pcs,"4,307.76",STD
614227,"X14 SQ50/SQ50 G2,HF3,GU,CL,DR",TR LOCATION,"12,920.00",1.00,Pcs,"12,920.00",STD
614243,"X07 SQ40/SQ40 FPH G2,GU,CL,DR",QUARANTINE,"14,515.04",1.00,Pcs,"14,515.04",STD
614243,"X07 SQ40/SQ40 FPH G2,GU,CL,DR",TR LOCATION,"14,515.04",1.00,Pcs,"14,515.04",STD
614340,MIC 4.0 Integration (XTR) incl. LockSense,INSTALL KIT - OPTIONS,844.63,1.00,Pcs,844.63,STD
614366SP,Connector V14 HWT SQ60 XTR,KIT SHELF 010106,138.64,9.00,Pcs,"1,247.76",STD
614382,XR7 DF/SQ40FPH Case CX50D,080702,"11,094.70",1.00,Pcs,"11,094.70",STD
614457,H-Cylinder SQ50 LS,ASSEMBLY,72.20,1.00,Pcs,72.20,STD
614521,"XTR10 SQ50/SQ50 LS G2,HF3,DR",QUARANTINE,"7,174.63",1.00,Pcs,"7,174.63",STD
614570US,APL SQ70 AQ4 Hydraulic Drum cutter,010104,125.56,1.00,Pcs,125.56,STD
614848,QCSQ40 FPH Wacker Neuson EW65,QUARANTINE,"2,851.77",4.00,Pcs,"11,407.08",STD
614957,QCSQ60-5 FPL2 WN ET145/EW145,030801,"3,851.04",1.00,Pcs,"3,851.04",STD
615025,Fixed Brush FB1500,ZONE 1,594.87,5.00,Pcs,"2,974.35",STD
615026,Fixed Brush FB1800,ZONE1,635.12,5.00,Pcs,"3,175.60",STD
615027,Fixed Brush FB2400,ZONE 1,812.66,5.00,Pcs,"4,063.30",STD
615125,"X07 DF/SQ40 Neuson EW65/ET65 G2,GU,CL,DR",TR LOCATION,"13,563.48",1.00,Pcs,"13,563.48",STD
620038,Service kit SQ40,********,142.91,4.00,Pcs,571.64,STD
620039,Drivers Box SQ40,********,536.92,4.00,Pcs,"2,147.68",STD
620122,UC Unit X18 SQ60-5,020603,"1,845.02",1.00,Pcs,"1,845.02",STD
653056,Kit Volvo EC/ECR SQ P1-P2,KIT SHELF 010102,53.87,3.00,Pcs,161.61,STD
653100,Seal kit Cylinder SG/MG-32,810608,39.41,1.00,Pcs,39.41,STD
653101,Seal kit Cylinder X07 S40,050201,42.51,1.00,Pcs,42.51,STD
653113,Service kit XTR20 Service bulletin 2026:1,050303,540.99,2.00,Pcs,"1,081.98",STD
653113,Service kit XTR20 Service bulletin 2026:1,050503,540.99,2.00,Pcs,"1,081.98",STD
800025,"Shims 60,2*105*0,5 A2 SS2333",810604,1.19,4.00,Pcs,4.76,STD
800026,"Shims Id50,2 x Yd80x0,5 A2 SS2333",810602,1.89,27.00,Pcs,51.03,STD
800061,Cylinder Tilt X12 Left/right,030101,286.45,2.00,Pcs,572.90,STD
800072,Seal Kit X04/X06+/X07 Swivel,810608,21.77,10.00,Pcs,217.70,STD
800074,Fullservicekit X26 (w/o Gripper),030202,764.97,2.00,Pcs,"1,529.94",STD
800075,Fullservicekit X12 (w/o Gripper),030202,436.84,2.00,Pcs,873.68,STD
800078,Fullservicekit X04/X06 FPL,030202,268.74,2.00,Pcs,537.48,STD
800080,Fullservicekit X18,030202,636.19,1.00,Pcs,636.19,STD
800085,Cylinder Gripper S45/50 X07 FPL L/R,040102,213.80,1.00,Pcs,213.80,STD
800092,FS kit gripper X12,030202,263.41,4.00,Pcs,"1,053.64",STD
800125,Cable TR 8P 3m 4xAMP,800105,215.20,2.00,Pcs,430.40,STD
800126,Cable TR 16P 3m 9Amp,800106,203.71,2.00,Pcs,407.42,STD
800169,O-ring kit X12,810405,14.51,3.00,Pcs,43.53,STD
800170,O-ring kit X18,810405,14.25,5.00,Pcs,71.25,STD
800171,O-ring kit X20 / X26,810405,20.81,2.00,Pcs,41.62,STD
800261,Valve lock Hforce SV08-30-0-N-00 HF SE,800403,57.50,3.00,Pcs,172.50,STD
800262,Coil Lock Valve Hforc 12V AMPJr,800403,25.77,3.00,Pcs,77.31,STD
800263,Coil Lock Valve Hforc 24V AMPJr,800403,25.53,12.00,Pcs,306.36,STD
800323,XCG2 Wheel Steering Module Generic,810206,162.12,1.00,Pcs,162.12,STD
800325,Cable WS Input Signals,810206,86.15,6.00,Pcs,516.90,STD
800349,XCG2 Display Multi Lang. generic,810104,145.55,6.00,Pcs,873.30,STD
800353,Cable TR 8P 3m XCG2 FF VCE,800107,80.35,1.00,Pcs,80.35,STD
800366,XCG2 Track Control Module,810208,237.04,3.00,Pcs,711.12,STD
800366,XCG2 Track Control Module,810206,237.04,3.00,Pcs,711.12,STD
800372,Cable WS Valves+Sensor,810101,35.70,7.00,Pcs,249.90,STD
800382,"Hose 1/2"" Bulkh 15L L720 90D 15L",HOSE 9,19.55,9.00,Pcs,175.95,STD
800387,"Hose 1/2"" 90D 15L L740 15LM",HOSE 9,18.16,10.00,Pcs,181.60,STD
800391,"Hose 3/8"" STR 12L L1100 90D 12L",HOSE 6,11.74,9.00,Pcs,105.66,STD
800398,"Hose 1/4"" STR 8L L790 Banjo 1/4""",HOSE 2,11.51,1.00,Pcs,11.51,STD
800399,"Hose 1/4"" STR 8L L810 Banjo 45D",HOSE 6,13.29,1.00,Pcs,13.29,STD
800403,"Hose 1/8"", 90deg - 90deg DIN 450mm",HOSE 8,6.40,1.00,Pcs,6.40,STD
800407,"Hose 1/4"", Str 8L L392 Str 8L",HOSE 1,8.09,6.00,Pcs,48.54,STD
800408,"Hose 1/4"", Str 8L L422 Str 8L",HOSE 2,8.32,8.00,Pcs,66.56,STD
800409,"Hose 3/8"" STR 12L L1220 90D 12L",HOSE 9,12.38,9.00,Pcs,111.42,STD
800415,"Hose 3/8"" STR 12L L705 90D 12L",HOSE 3,7.94,1.00,Pcs,7.94,STD
800487,X06 DF. Expander shaft ø40 L=260,830102,129.67,2.00,Pcs,259.34,STD
800499,"Hose 1/4"" Banjo 1/4"" L670 12LM",HOSE 4,39.60,7.00,Pcs,277.20,STD
800500,Cable XCG2 Safety gate Y-cable,810203,26.61,1.00,Pcs,26.61,STD
800508,Cylinder Tilt X07 S45/S50/DF,040102,472.12,2.00,Pcs,944.24,STD
800509,Tilt tube x07 lower tank,810401,36.73,2.00,Pcs,73.46,STD
800510,Tilt tube X07 upper pressure,810401,13.68,2.00,Pcs,27.36,STD
800511,GEOfit Excavator w Grease 10pol,040204,283.17,1.00,Pcs,283.17,STD
800512,GEOfit Tiltrotator w Grease 10pol,040204,516.70,1.00,Pcs,516.70,STD
800514,GEOfit Tiltrotator w/o Grease 10pol,800207,503.87,1.00,Pcs,503.87,STD
800518,"Hose 1/4"" BANJO 1/4 L520 90D 8L",HOSE 2,8.68,10.00,Pcs,86.80,STD
800542,Tube motor X18 Upper Ver.2,810401,22.47,1.00,Pcs,22.47,STD
800543,Tube motor X18 Lower Ver.2,810401,22.66,2.00,Pcs,45.32,STD
800544,Tube motor X12 Upper,810401,22.04,2.00,Pcs,44.08,STD
800545,Tube motor X12 Lower ,810401,20.84,2.00,Pcs,41.68,STD
800546,Tube motor X20 X26 Upper,810401,25.00,3.00,Pcs,75.00,STD
800547,Tube motor X20 X26 Lower ,810401,20.77,2.00,Pcs,41.54,STD
800553,Label Joystick Steering WS Wheel,CABLE FACTORY ,1.37,8.00,Pcs,10.96,STD
800554,Label Warning Tiltrotator Symbols,CABLE FACTORY ,1.11,12.00,Pcs,13.32,STD
800626,Piston Rod Cylinder Gripper X18/X20/X26/X32,040102,135.59,2.00,Pcs,271.18,STD
800694,Joystick XCG2 L8 CAN 2A7D Left,JOYSTICKS LEFT,276.23,8.00,Pcs,"2,209.84",STD
800695,Joystick XCG2 L8 CAN 2A7D LED Right,JOYSTICKS RIGHT,289.48,14.00,Pcs,"4,052.72",STD
800743,"Hose 3/8"", STR 12L L840 BULK 15L",HOSE 8,14.70,1.00,Pcs,14.70,STD
800744,"Hose 3/8"", Banjo 3/8"" L860 BULK 15L",HOSE 8,21.62,2.00,Pcs,43.24,STD
800975,"Valve PRM2-063Z11/35-12/2,2/E3AV",800401,319.54,2.00,Pcs,639.08,STD
801013,Enable Plug QC XCG1 16-pole,810102,32.42,14.00,Pcs,453.88,STD
801059,XCG2 Cabin Module generic,810206,175.74,8.00,Pcs,"1,405.92",STD
801062,"Cable Extension CAN 4-pole M8, 2m",810105,11.16,5.00,Pcs,55.80,STD
801063,"Cable CAN 4-pole M8, 2m, Panel",810105,22.07,8.00,Pcs,176.56,STD
801065,"Switch, QC Contura V",810102,20.69,4.00,Pcs,82.76,STD
801069,Enable Plug QC XCG2,810205,15.39,4.00,Pcs,61.56,STD
801070_COMP,XCG2 TR Module Compact,810206,237.04,1.00,Pcs,237.04,STD
801070SP,XCG2 TR Module Generic,810104,240.95,5.00,Pcs,"1,204.75",STD
801072,Cable TR 8P 3m XCG2 RF,800105,67.86,4.00,Pcs,271.44,STD
801073,Cable TR Valve/Sensors RF,810206,182.26,4.00,Pcs,729.04,STD
801075,XCG2 Ball-Joint Display Holder Kit,810104,64.20,4.00,Pcs,256.80,STD
801078,Cable Contr Lockout Pin Volvo EW/EC,810103,20.56,8.00,Pcs,164.48,STD
801083,"Cable Extension CAN 4-pole M8, 1m",810108,10.53,2.00,Pcs,21.06,STD
801084,Relay 24V 5-pin SPDT w diod,810205,5.05,10.00,Pcs,50.50,STD
801103,Cable relay parallel EC55C,810107,77.32,7.00,Pcs,541.24,STD
801131,Cable Control Lockout Pin DT04-3P Pin C,810103,29.14,2.00,Pcs,58.28,STD
801133,Hydraulic Block Wheel Steer OC 24V,050301,"1,797.78",1.00,Pcs,"1,797.78",STD
801139,Quadruple Feeder Valve 20bar 12V,050301,357.28,1.00,Pcs,357.28,STD
801144,Cylinder Lock S70 X26/X32/QC FPL,040202,360.62,3.00,Pcs,"1,081.86",STD
801148,Tilt tube X04_X06 Tank 12L,810402,24.14,1.00,Pcs,24.14,STD
801149,Tilt tube X04_X06 Pressure 12L,810402,25.30,6.00,Pcs,151.80,STD
801169,Cylinder Lock S60 FPL,040202,170.80,3.00,Pcs,512.40,STD
801181,Cylinder Lock S45-50 QC/AC FPL,040202,188.57,3.00,Pcs,565.71,STD
801214,"Hose 1/2"" Bulk 15L M L760 90D 15L",HOSE 8,22.32,5.00,Pcs,111.60,STD
801215,"Hose 1/2"" Bulk 15L L810 90D 15L",HOSE 9,26.90,4.00,Pcs,107.60,STD
801231,Cable XCG2 TC Quad Feeder DT,810206,69.88,4.00,Pcs,279.52,STD
801236,Valve RPE3-043Z11/01200E10/M (NG4 4:3),800503,156.05,5.00,Pcs,780.25,STD
801237,Valve PRM2-043Z11/12-12E10/M (NG4),800401,74.52,1.00,Pcs,74.52,STD
801244,Cable XCG2 Joyst Sw Compact,810207,51.36,6.00,Pcs,308.16,STD
801245,Cable XCG2 Joy sw FF EW L PVC-tube,810207,18.60,10.00,Pcs,186.00,STD
801254,Sealing Kit cylinder 90/45 ,810507,58.98,2.00,Pcs,117.96,STD
801257,Coil ER-12VDC/08-4303612 DT,800402,25.22,8.00,Pcs,201.76,STD
801261,Spring Compression SQ60-5,800406,1.37,4.00,Pcs,5.48,STD
801278,Cylinder SG20,040101,417.88,3.00,Pcs,"1,253.64",STD
801279,"Nose Seal 1/4""",800305,1.77,98.00,Pcs,173.46,STD
801280,"Nose Seal 3/8""",800305,1.91,125.00,Pcs,238.75,STD
801281,"Nose Seal 1/2""",800305,4.00,35.00,Pcs,140.00,STD
801282,"Nose Seal 3/4""",800305,5.01,43.00,Pcs,215.43,STD
801283,"Nose Seal 1""",800305,4.79,26.00,Pcs,124.54,STD
801284,Cylinder MG55/SG55,040201,"1,230.47",2.00,Pcs,"2,460.94",STD
801306,Accumulator Tank Cyl SG/MG 20/25,040101,192.01,1.00,Pcs,192.01,STD
801325,Steering valve (WS) OC 24V,STALLED,868.06,1.00,Pcs,868.06,STD
801336,Hydr block WS LS with sep tank 12V,050301,882.18,2.00,Pcs,"1,764.36",STD
801338,Kit Tube Hyd Cyl SG25/MG25,810504,67.48,1.00,Pcs,67.48,STD
801339,Kit Tube Hyd Cyl SG20,810504,67.48,3.00,Pcs,202.44,STD
801341,Kit Tube Hyd Cyl SG55/MG55,810504,67.48,1.00,Pcs,67.48,STD
801349,Kit Nose Seal all sizes,800305,79.97,5.00,Pcs,399.85,STD
801360,Hose kit Grapplers 32/40 - TR Aux,830102,152.60,7.00,Pcs,"1,068.20",STD
802011,Adapter T-split M8 XCG2,810108,8.86,26.00,Pcs,230.36,STD
802026,Cable Power CAN Y-Split XCG2,810108,17.03,27.00,Pcs,459.81,STD
802035,Cable Power CAN to Track Control M,810108,42.89,2.00,Pcs,85.78,STD
802037,Cable TR-Comp. CS9 X04-X07 AMP,800107,129.79,2.00,Pcs,259.58,STD
802038,Cable Power CAN XCG2 Compact,810107,39.73,3.00,Pcs,119.19,STD
802039,Adapter Cable 36pol-12pol Deutsch,810107,72.40,3.00,Pcs,217.20,STD
802041,Cable Machine Coupler Disabling,810202,20.43,13.00,Pcs,265.59,STD
802056,Switch snap-in w. LED WS TS activ,810205,40.99,12.00,Pcs,491.88,STD
802057,Cable QC Switch + Lockout PWM CAT ,810103,92.08,1.00,Pcs,92.08,STD
802059,Connector wloop 10P GEOfit I FF/RF ,040204,141.12,1.00,Pcs,141.12,STD
802064,Cable XCG2 TR - 2 Sensors 4DT+4AMP,810102,163.47,1.00,Pcs,163.47,STD
802104,"Hose 1/4"" Str 8L 655mm Banjo 1/4"" ",HOSE 3,11.14,3.00,Pcs,33.42,STD
802105,"Hose 1/4"" BULK 12L L580 BANJO 1/4""",HOSE 1,16.57,7.00,Pcs,115.99,STD
802106,"Hose 1/4"", Banjo 1/4"" L580 BULK 12L",HOSE 4,14.53,8.00,Pcs,116.24,STD
802107,"Hose 1/4"" 45D Banjo L665 Str 8L",HOSE 1,13.04,2.00,Pcs,26.08,STD
802112,"Hose 3/8"" STR 12L L1010 90D 12L",HOSE 6,11.23,8.00,Pcs,89.84,STD
802123,Enable Plug QC XCG2 FF,810205,16.27,4.00,Pcs,65.08,STD
802172,Cable TR 10P 3m G2 GEOfit I,040204,300.96,2.00,Pcs,601.92,STD
802173,Cable Excavator 8P 15m G2 GEOfit I,040204,608.50,4.00,Pcs,"2,434.00",STD
802199,Cable XCG2 AUX 2 AMP,810103,70.00,4.00,Pcs,280.00,STD
802202,Cable Power CAN Cabin module,810101,46.04,4.00,Pcs,184.16,STD
802203,"Cable Power 2,5m Volvo XCG2",810105,25.98,8.00,Pcs,207.84,STD
802212,Valve Prop Red. Feeder Dual DT04-2P,050301,167.51,1.00,Pcs,167.51,STD
802216,Cable Excavator 8P 15m XCG2 CAN RF ,800102,114.78,5.00,Pcs,573.90,STD
802216,Cable Excavator 8P 15m XCG2 CAN RF ,800104,114.78,16.00,Pcs,"1,836.48",STD
802217,Cable CAN BUS Joystick XCG2,810108,27.12,11.00,Pcs,298.32,STD
802219,"Cable Power 2,5m XCG2 (Gen, Adapt)",810105,19.30,20.00,Pcs,386.00,STD
802220,Cable Power XCG2 CAT M-300 series,810107,37.08,4.00,Pcs,148.32,STD
802243,"Cable Excavator 8P 9,5m ",800102,112.89,1.00,Pcs,112.89,STD
802257,Cable LED EC55/ECR58/ECR88,810205,11.98,1.00,Pcs,11.98,STD
802262,"Cable TR 16P ILME 2,8m X04/X06/X07 DT",800107,106.96,10.00,Pcs,"1,069.60",STD
802263,"Cable TR 8P 2,8m 3xDT X04/06/07",800106,86.02,2.00,Pcs,172.04,STD
802269,"Cable Dual Feeder 2xEconoSeal 3,7ml",810103,40.49,7.00,Pcs,283.43,STD
802308,Cable Extra 2xDT06-2S 4m,810103,58.61,9.00,Pcs,527.49,STD
802311,Cable XCG2 Neuson EW100 X11 Adapt.,810203,67.48,2.00,Pcs,134.96,STD
802312,Cable XCG2 Neuson EW100 X13 Adapt.,810203,36.45,4.00,Pcs,145.80,STD
802313,Cable XCG2 Neuson EW100 X9 Adapt.,810201,73.54,2.00,Pcs,147.08,STD
802323,Cable Dummy Load AMP Jr 1k Ohm,810201,8.32,14.00,Pcs,116.48,STD
802326,Cable Dual Feeder 2x DT06-2S 4m,810105,34.43,21.00,Pcs,723.03,STD
802328,Programming KIT XCG2 - CAN II,810201,395.74,2.00,Pcs,791.48,STD
802342,Cable QC Switch+Safety+PWM,810101,63.95,7.00,Pcs,447.65,STD
802363,Cable Y connection Fast in-on,810103,17.53,15.00,Pcs,262.95,STD
802408,"Joystick, XCG2 L8 CAN 3A5D Left",JOYSTICKS LEFT,296.42,3.00,Pcs,889.26,STD
802409,Joystick XCG2 L8 CAN 3A5D LED Right,JOYSTICKS RIGHT,296.42,23.00,Pcs,"6,817.66",STD
802437,XControl CS9 Cabin Module,810207,162.12,1.00,Pcs,162.12,STD
802441,"Cable XControl Power CS9, Hydradig",810207,14.38,2.00,Pcs,28.76,STD
802449,Cable Excavator 8P 10m XCG2 CAN,800104,92.96,2.00,Pcs,185.92,STD
802476,Cable Safety Gate Super Seal 6p,810203,69.63,3.00,Pcs,208.89,STD
802479,Cable XCG2 Neuson EW65 Joysticks,810201,211.65,3.00,Pcs,634.95,STD
802491,Cable XControl CS9 HydraDig Main,810207,94.73,2.00,Pcs,189.46,STD
802494,"Cable Excavator 8P 6,7m JCB",800102,94.60,2.00,Pcs,189.20,STD
802500,Cable XCG2 Trimble GCS900 integr.,810108,47.30,1.00,Pcs,47.30,STD
802502,Cable QC Lock Switch CS9 MACS,810207,10.22,3.00,Pcs,30.66,STD
802509,Cable EW60 FNR Steering adapter,810207,51.72,5.00,Pcs,258.60,STD
802510,Cable EW60 FNR XCG2 adapter,810207,43.14,2.00,Pcs,86.28,STD
802510,Cable EW60 FNR XCG2 adapter,810203,43.14,2.00,Pcs,86.28,STD
802517,"Cable XCG2 QC, Safety,PWM,UP,DWN",810204,53.61,18.00,Pcs,964.98,STD
802520,"Joystick, L8 CAN Hydradig RF Left",JOYSTICKS LEFT,272.45,2.00,Pcs,544.90,STD
802521,"Joystick, L8 CAN Hydradig RF Right",JOYSTICKS RIGHT,399.21,1.00,Pcs,399.21,STD
802522,Cable Joystick Adapter L Hydradig,810201,49.95,2.00,Pcs,99.90,STD
802523,Cable Joystick Adapter R Hydradig,810201,71.77,2.00,Pcs,143.54,STD
802524,Cable Control Lockout DTM Hydradig,810201,53.86,3.00,Pcs,161.58,STD
802526,XCG2 Signal Converter,810201,49.19,4.00,Pcs,196.76,STD
802534,"Switch FNR-N L8, kit black",810207,37.59,2.00,Pcs,75.18,STD
802535,Joystick XCG2 L8 CAN 2A6D FNR-N LED,JOYSTICKS RIGHT,320.13,5.00,Pcs,"1,600.65",STD
802545,Cable XCG2 PWM Pulldown adapter,810202,55.12,13.00,Pcs,716.56,STD
802566,Cable XCG2 DWN DT-Molex 8p,810206,36.20,4.00,Pcs,144.80,STD
802567,Cable TR 8P 3.3m XCG2 FF,800106,77.57,1.00,Pcs,77.57,STD
802576,Cable SQ TR V90,810302,169.79,3.00,Pcs,509.37,STD
802580,Cable SQ Adapter FF Volvo ITT,800103,100.40,6.00,Pcs,602.40,STD
802598,XCG2 AUX Module Generic,810206,237.04,1.00,Pcs,237.04,STD
802624,Quantum TRM module for worktool,810104,74.92,6.00,Pcs,449.52,STD
802626,Cable QTM QC Signal,800206,150.56,12.00,Pcs,"1,806.72",STD
802632,Cable SQ Adapter RF XCG2 Ilme,800103,62.44,22.00,Pcs,"1,373.68",STD
802639,"Adapter Reducer BSP 3/4""M-1/4""F",820207,8.50,9.00,Pcs,76.50,STD
802648,Joystick XCG2 L8 2A6D Left EW/EC60,JOYSTICKS LEFT,277.50,1.00,Pcs,277.50,STD
802649,Joystick XCG2 L8 2A4D Right EW60,JOYSTICKS RIGHT,337.91,1.00,Pcs,337.91,STD
802652,Adapter Volvo E2 FF / CS9 MACS / MIC 4 SQ,810108,8.07,5.00,Pcs,40.35,STD
802654,Cable XCG2 TR - 2 Sensors 9 DT,810102,99.27,2.00,Pcs,198.54,STD
802655,Cable XCG2 TR Compact 4P DTx3 + DT,800103,77.70,2.00,Pcs,155.40,STD
802660,Joystick XCG2 L8 CAN 3A4D FNR-N LED,JOYSTICKS RIGHT,312.18,2.00,Pcs,624.36,STD
802673,Cable TR 8P 2m XCG2 RF,800105,181.30,9.00,Pcs,"1,631.70",STD
802676,Kit A+B->T Pressure Relief SQ 24V,KIT SHELF 010106,338.99,2.00,Pcs,677.98,STD
802719,Cable Control Lockout DT-3P Pin B,810103,27.50,5.00,Pcs,137.50,STD
802785,"Cable SQ H10 QC 1/2""",040204,10.43,1.00,Pcs,10.43,STD
802787,Cable SQ H10 WT SQ60-65,040204,10.37,2.00,Pcs,20.74,STD
802804,Joystick XCG2 L8 CAN Le 3A5D CAT,JOYSTICKS LEFT,309.15,1.00,Pcs,309.15,STD
802805,Joystick XCG2 L8 CAN Ri 2A7D CAT,JOYSTICKS RIGHT,323.03,2.00,Pcs,646.06,STD
802806,Cable QC Interlock CAT BCP,810208,49.82,1.00,Pcs,49.82,STD
802807,Cable Harness CAT BCP NG,810208,173.06,1.00,Pcs,173.06,STD
802811,QC Controller Module,810108,517.61,1.00,Pcs,517.61,STD
802812,XCG2 Module PWM Pedal,810503,200.55,1.00,Pcs,200.55,STD
802813,Cable TR 3m G2 GEOfit U77,040204,170.91,1.00,Pcs,170.91,STD
802816,Cable Adapter GEOfit U79 - ITT FF,040204,234.23,1.00,Pcs,234.23,STD
802817,Cable Excavator 15m G2 GEOfit U79,040204,213.55,2.00,Pcs,427.10,STD
802821,Cable Extension M8 3p 2m,810108,25.23,2.00,Pcs,50.46,STD
802823,Cable CS9/SQ IO,810108,148.21,1.00,Pcs,148.21,STD
802832,Cable XCG2 Quantum MCS integration,810108,18.92,3.00,Pcs,56.76,STD
802846,"Hose 1/2"" 45-Str 13/16"" ORFS l-630",HOSE 3,13.00,6.00,Pcs,78.00,STD
802865,Joystick XCG2 L8 L 2A6D 3pos Sw FNR,JOYSTICKS LEFT,291.75,3.00,Pcs,875.25,STD
802884,Cable SQ QC V14 3.5m,800204,155.91,3.00,Pcs,467.73,STD
802886,Cable SQ TR V14 1m,800204,89.59,4.00,Pcs,358.36,STD
802892,"Cable, PWM2Analog - 8-Pol DT",810204,52.35,5.00,Pcs,261.75,STD
802915,Cable Supply Relay +5V DT 2P,810208,101.60,7.00,Pcs,711.20,STD
802924,Cable XCG2 TR Compact 4P DTx2+DTx3,800103,62.44,1.00,Pcs,62.44,STD
802928,Cable XCG2 TR XTR2 - 7 DT,810104,84.26,2.00,Pcs,168.52,STD
802991,Fullservicekit X20FPL (w/o Gripper),030202,686.47,2.00,Pcs,"1,372.94",STD
803005,Crowfoot wrench servicekit 14-22mm,800506,232.55,2.00,Pcs,465.10,STD
803017,Fullservicekit X32FPL (w/o Gripper),030201,"1,056.24",1.00,Pcs,"1,056.24",STD
803019,Fullservicekit X07S40FPL,030202,363.80,3.00,Pcs,"1,091.40",STD
803058,Joystick L8 L 3A4D FNR Liebherr Sp.,JOYSTICKS LEFT,326.44,3.00,Pcs,979.32,STD
803059,Joystick L8 R 2A4D FNR Liebherr Sp.,JOYSTICKS RIGHT,335.77,3.00,Pcs,"1,007.31",STD
803060,Steeringvalve LS w. shut off 12/24 ,INSTALL KIT - OPTIONS,535.94,1.00,Pcs,535.94,STD
803066,XCG2 WS Module Special Node 3 PWM,810208,161.94,2.00,Pcs,323.88,STD
803078,Cable XCG2 PWM adapter,810105,29.01,9.00,Pcs,261.09,STD
803113,Joystick L8 LH CAN 3pr 5b,JOYSTICKS LEFT,296.42,4.00,Pcs,"1,185.68",STD
803114,Joystick L8 RH CAN 3pr 5b,JOYSTICKS RIGHT,296.42,4.00,Pcs,"1,185.68",STD
803253,"Clamp 10"" Sweepers",050104,51.84,4.00,Pcs,207.36,STD
803271,Brush Beeline Sweeper ,ZONE 10,15.14,7.00,Pcs,105.98,STD
803274,Shaft Beeline Sweeper SW1000,050104,645.81,1.00,Pcs,645.81,STD
803295,"Hose 1/8"" STR 6L L350 90 DEG 6L",HOSE 1,0.00,13.00,Pcs,0.00,STD
803302,Side plate Fixed brush (FB),03 02 01,60.67,1.00,Pcs,60.67,STD
803312,QTM I/O Module L8 Left,810408,343.21,4.00,Pcs,"1,372.84",STD
803313,QTM I/O Module L8 Right,810408,343.21,5.00,Pcs,"1,716.05",STD
803327,"Cable, TR WN Mic 4.0 3.3m",800205,446.40,2.00,Pcs,892.80,STD
803331,Joystick Right CAT NG M3xx 2A7D,JOYSTICKS RIGHT,299.69,1.00,Pcs,299.69,STD
803343,Cable QTM QC Disable relay DT2P,810107,32.04,5.00,Pcs,160.20,STD
803356,Cable SQ Adapter MIC 4.0,INSTALL KIT - OPTIONS,139.88,1.00,Pcs,139.88,STD
803357,"Cable, TR MIC 4.0 3.3m",800107,128.66,3.00,Pcs,385.98,STD
803361,Cable LS M8 M 4p M12 F 5p 1m,810301,40.24,17.00,Pcs,684.08,STD
803362,Cable LS M8 M 4p M12 F 5p with QC 1m,810101,6.99,5.00,Pcs,34.95,STD
803368,Cable QTM L8 Joystick Adapter Rexroth LH,810101,31.53,1.00,Pcs,31.53,STD
803369,Cable QTM L8 Joystick Adapter Rexroth RH,810101,31.53,1.00,Pcs,31.53,STD
803410,Cable Excavator QTC 8P 15m,ARRIVAL,0.00,4.00,Pcs,0.00,STD
804020,Hose Tank Side HC20,HOSE 1,19.00,1.00,Pcs,19.00,STD
804021,Hose Pressure Side HC20,HOSE 1,20.17,1.00,Pcs,20.17,STD
804026,"Hose, Drain HC20",HOSE 1,10.05,1.00,Pcs,10.05,STD
804027,Hose Tank Side HC40,HOSE 1,37.73,1.00,Pcs,37.73,STD
804028,Hose Pressure Side HC40,HOSE 1,39.36,1.00,Pcs,39.36,STD
804032,"Hose, Drain HC40",HOSE 1,7.92,1.00,Pcs,7.92,STD
804033,Hose Tank Side HC60,HOSE 1,42.32,1.00,Pcs,42.32,STD
804034,Hose Pressure Side HC60,HOSE 1,47.37,1.00,Pcs,47.37,STD
804035,Relief valve HC60/90,800404,91.08,2.00,Pcs,182.16,STD
804036,Valve Directional HC60/90,800404,218.51,2.00,Pcs,437.02,STD
804037,Needle valve HC60/90,800404,145.73,2.00,Pcs,291.46,STD
804039,Hose Tank Side HC90,HOSE 1,41.03,1.00,Pcs,41.03,STD
804040,Hose Pressure Side HC90,HOSE 1,41.03,1.00,Pcs,41.03,STD
804041,"Hose, Drain HC90",HOSE 1,9.19,1.00,Pcs,9.19,STD
804049SP,Drain rebuild kit HC20-90 SQ,KIT SHELF 010108,17.59,1.00,Pcs,17.59,STD
804050,"Drain kit TRSQ 1/4""-1/2"" couplin",KIT SHELF 010105,43.64,3.00,Pcs,130.92,STD
804050SP,"Drain kit TRSQ 1/4""-1/2"" couplin",KIT SHELF 010104,95.90,8.00,Pcs,767.20,STD
804054,Kit Drain rotor motor X12-X32,KIT SHELF 010105,20.57,2.00,Pcs,41.14,STD
804055,"Drain kit TRSQ 3/4"" couplin",KIT SHELF 010106,198.18,2.00,Pcs,396.36,STD
804056,"Hose 1/2"" STR ORFS 13/16 L920 45D 1"" ",HOSE 4,15.43,1.00,Pcs,15.43,STD
804057," Hose 3/8"" (2x) ORFS 13/16 L530 ",HOSE 4,14.96,5.00,Pcs,74.80,STD
804058,"Hose 1/4"" Str 10L L360 45D weo 1/4""",HOSE 2,16.18,12.00,Pcs,194.16,STD
804059,"Hose 1/2"" ORFS 1""45- str13/16 l-640",HOSE 3,0.00,2.00,Pcs,0.00,STD
804061,"Hose 1/4"" Banjo 1/4"" L700 banjo 3/8""",HOSE 3,13.65,2.00,Pcs,27.30,STD
804062,"Hose 1/4"" str 8L L500 str 8L",HOSE 2,10.92,2.00,Pcs,21.84,STD
804063,"Hose 1/4"" STR ORFS 9/16 L3000 STR ORFS 9/16",040301,17.68,14.00,Pcs,247.52,STD
804064,"Hose 1/4"" STR ORFS 9/16 L5000 STR ORFS 9/16",040301,23.62,8.00,Pcs,188.96,STD
804065,"Hose 1/8"" Banjo M8 L215 45 Banjo M8",HOSE 3,19.15,6.00,Pcs,114.90,STD
804066,"Hose 1/8"" Banjo-Banjo 1/8"" l-215",HOSE 1,7.83,2.00,Pcs,15.66,STD
804072,"Hose 3/16"" STR 6L L350 90D 6L",HOSE 1,13.81,5.00,Pcs,69.05,STD
804121,"Hose 3/8"" Banjo 1/4"" L670 12L bulkhead",HOSE 3,24.92,5.00,Pcs,124.60,STD
804342,"Hose 1/8"" STR G 1/8"" IR  L900 STR M8 Banjo",********,12.50,2.00,Pcs,25.00,STD
804478,"Hose 5/8"" str Weo 3/4"" L1000 90Deg 18L",HOSE 6,36.69,4.00,Pcs,146.76,STD
805000,Cylinder Tilt X18 Left/Right,030103,299.44,3.00,Pcs,898.32,STD
805004,O-ring kit X32,810405,27.62,4.00,Pcs,110.48,STD
805026,Adapter Plate Separate Extra HFS,800506,244.60,2.00,Pcs,489.20,STD
805033,Adapter plate NG6-valve HFS AUX,800404,88.84,7.00,Pcs,621.88,STD
805052,"Hose 1/8"" 90D 6L L260mm Str 6L",********,7.18,4.00,Pcs,28.72,STD
805054,Lip Seal Tilt Cylinder,050301,17.66,37.00,Pcs,653.42,STD
805055,Lip Seal Rotor Housing GB23,040401,114.60,6.00,Pcs,687.60,STD
805069,Cavity Plug Open Hydraulic Block HF,800506,9.42,7.00,Pcs,65.94,STD
805075,"Hose 1/8"" Banjo 1/8"" L430 Banjo 1/8""",HOSE 1,12.67,4.00,Pcs,50.68,STD
805077,"Hose 1/8"" Banjo L480 Banjo M8x1 ",HOSE 1,10.23,2.00,Pcs,20.46,STD
805104,QC Valve w Servo Activation 24V,050101,466.82,1.00,Pcs,466.82,STD
805107,Joystick L8 2A7D Left - Volvo EW/EC,JOYSTICKS LEFT,292.13,1.00,Pcs,292.13,STD
805108,Joystick L8 2A4DFNR R - Volvo EW,JOYSTICKS RIGHT,406.66,4.00,Pcs,"1,626.64",STD
805110,Joystick L8 Left CAT NG M3xx ,JOYSTICKS LEFT,317.98,1.00,Pcs,317.98,STD
805111,Joystick L8 Right CAT NG M3xx PWM,JOYSTICKS RIGHT,337.54,3.00,Pcs,"1,012.62",STD
805113,"Hose 5/8"" Str 18L L780 Str 18L",HOSE 6,21.27,4.00,Pcs,85.08,STD
805114,"Hose 1/4"" Str 8L L780 8L",HOSE 4,12.71,5.00,Pcs,63.55,STD
805120,"Label, STEELWRIST logotype 257x55",CABLE FACTORY ,3.95,27.00,Pcs,106.65,STD
805123,"Motor 8,5cc HCX6/HCX8",040102,191.04,1.00,Pcs,191.04,STD
805127,"Hose 1/4"" 90deg 8L L570 90deg 8L",HOSE 3,11.31,4.00,Pcs,45.24,STD
805288,"Hose 1/8"" STR 6L L900 STR M8B",HOSE 6,8.13,3.00,Pcs,24.39,STD
805311,"Cable, M5-M8 3-pol, 500mm",050201,7.14,2.00,Pcs,14.28,STD
805320,"Hose 5/8"" STR 1/2"" WEO L670 STR 18L",HOSE 9,55.12,18.00,Pcs,992.16,STD
805323,"Hose 5/8"" 45D 20S L490 90D 20S Left",HOSE 7,24.74,10.00,Pcs,247.40,STD
805324,"Hose 5/8"" 45D 20S L490 90D 20S Right",HOSE 7,24.74,4.00,Pcs,98.96,STD
805325,"Hose 5/8"" STR 1/2"" WEO L570 STR 18L",050302,54.99,10.00,Pcs,549.90,STD
805326,Hydraulic Block XTR10-XTR23 HF 24V,ASSEMBLY,"1,782.09",1.00,Pcs,"1,782.09",STD
805327,DTD06 WHOLE BLOCK,050101,399.77,2.00,Pcs,799.54,STD
806115,O-ring 7.66x1.78 Swivel X12-26 + UC,810602,0.09,23.00,Pcs,2.07,STD
806168,L8 base attachment,810202,19.55,9.00,Pcs,175.95,STD
806331,"Hose 1/4"" STR BSP 1/4"" L1000 90D 8L",HOSE 8,11.25,5.00,Pcs,56.25,STD
807170,Cylinder Lock S30 ,040202,110.03,1.00,Pcs,110.03,STD
807171,Piston rod with gland nut and seals,830103,196.80,1.00,Pcs,196.80,STD
807174,Piston rod Tilt cyl X04/X06,040102,132.44,2.00,Pcs,264.88,STD
807176,Piston rod Tilt cyl X07,040102,138.62,1.00,Pcs,138.62,STD
807181,Piston rod Tilt cyl X12 for LHV,830103,149.58,1.00,Pcs,149.58,STD
807182,Piston rod Tilt cyl X18 for LHV,030203,181.06,2.00,Pcs,362.12,STD
807183,Piston rod Tilt cyl X20 for LHV,830104,188.86,2.00,Pcs,377.72,STD
807183,Piston rod Tilt cyl X20 for LHV,030102,188.86,1.00,Pcs,188.86,STD
807184,Piston rod cylinder MG20/FG20,040101,236.08,2.00,Pcs,472.16,STD
808115,Seal kit Motor DTD06,810601,414.77,1.00,Pcs,414.77,STD
809104,Hose Kit CLS Cent Lubr X04/X06,KIT SHELF 010106,25.10,1.00,Pcs,25.10,STD
818329,Cylinder MG25/SG25/FG25,040101,978.70,1.00,Pcs,978.70,STD
818331,Cylinder SG20,040101,709.39,1.00,Pcs,709.39,STD
830251,"Hose 3/4"" 45deg ORFS 1-7/16"" L680 Str 18L",HOSE 5,29.93,3.00,Pcs,89.79,STD
830268,QTM Display Generic LS,810301,145.55,6.00,Pcs,873.30,STD
830269,"Quantum Connectivity Gateway, QCG",810301,244.35,9.00,Pcs,"2,199.15",STD
830285,Ripper S40,060803,761.70,2.00,Pcs,"1,523.40",STD
830285,Ripper S40,060802,761.70,5.00,Pcs,"3,808.50",STD
830287,Ripper S50,060403,"1,293.30",1.00,Pcs,"1,293.30",STD
830287,Ripper S50,060603,"1,293.30",2.00,Pcs,"2,586.60",STD
830287,Ripper S50,060504,"1,293.30",1.00,Pcs,"1,293.30",STD
830287,Ripper S50,060804,"1,293.30",1.00,Pcs,"1,293.30",STD
830288,Ripper S60,060804,"2,474.15",2.00,Pcs,"4,948.30",STD
830289,Ripper S70,ZONE 3,"2,021.95",1.00,Pcs,"2,021.95",STD
830353,Hydraulic Motor 80CC,040102,69.66,2.00,Pcs,139.32,STD
830358,Lip Seal GB23,040401,66.73,4.00,Pcs,266.92,STD
830363US,Tree shear TSX6 S40/SQ40,050701,"2,878.06",1.00,Pcs,"2,878.06",STD
830363US,Tree shear TSX6 S40/SQ40,070101,"2,878.06",2.00,Pcs,"5,756.12",STD
830363US,Tree shear TSX6 S40/SQ40,050501,"2,878.06",1.00,Pcs,"2,878.06",STD
830374,OptiLube 120 ml Lubrication Cartridge,050201,27.75,7.00,Pcs,194.25,STD
830375,OptiLube 400 g Grease Cartridge,050302,6.29,28.00,Pcs,176.12,STD
830376,OptiLube 18 kg Grease Pail,050102,170.17,1.00,Pcs,170.17,STD
830381,Cylinder TSX6-5,050103,507.55,2.00,Pcs,"1,015.10",STD
830384,Pin With Thread TSX6-8,050103,188.15,2.00,Pcs,376.30,STD
830385,Pin TSX6-9,050103,161.60,1.00,Pcs,161.60,STD
830386,Pin Short TSX6-10,050103,157.04,1.00,Pcs,157.04,STD
830396,Serial Number Plate without CE 50x22,********,3.60,4.00,Pcs,14.40,STD
830397,Grading Beam GRB1250 S40,ZONE 1,"1,688.94",1.00,Pcs,"1,688.94",STD
830402,Grading Beam GRB2000 S60,ZONE 1,"3,014.11",1.00,Pcs,"3,014.11",STD
830403,Grading Beam GRB2500 S60,ZONE 1,"3,433.00",1.00,Pcs,"3,433.00",STD
830404,Grading Beam GRB2500 S70,ZONE 2,"3,608.86",1.00,Pcs,"3,608.86",STD
830410,"Label, QR-code FB",********,2.47,4.00,Pcs,9.88,STD
830413,Hydraulic Motor 160CC,040102,68.72,2.00,Pcs,137.44,STD
830419,"Hose 3/8"" Str 12L L495 90 Deg 12L",050103,10.66,8.00,Pcs,85.28,STD
830420,"Hose 3/8"" Str 12L L875 90 Deg 12L",050103,14.64,6.00,Pcs,87.84,STD
830426,Case service box,********,6.13,4.00,Pcs,24.52,STD
830427,Sweeper Strip Brush (yellow) 3x5 -750mm,ZONE 1,22.19,150.00,Pcs,"3,328.50",STD
830428,"Sweeper Strip Brush (blue) 2,4x3,4 -750mm",ZONE 1,19.62,150.00,Pcs,"2,943.00",STD
830429,Sweeper strip brush (yellow) 3x5 -900mm,********,25.86,140.00,Pcs,"3,620.40",STD
830430,"Sweeper strip brush (blue) 2,4x3,4 -900mm",ZONE 1,24.90,150.00,Pcs,"3,735.00",STD
830432,"Hose 5/16"" Str 45 Deg 10L L290 WEO 3/8""",050203,17.26,5.00,Pcs,86.30,STD
830433,"Hose 5/16"" Str 45 Deg 10L L310 WEO 3/8""",050203,17.36,5.00,Pcs,86.80,STD
830435,"Hose 1/8"" Str 90 Deg 06L L190 06L",050203,7.43,5.00,Pcs,37.15,STD
830436,"Hose 3/16"" Str 90 Deg 08L L290 WEO 1/4""",050203,14.96,5.00,Pcs,74.80,STD
830437,"Hose 1/8"" Str 45 Deg 06L L170 06L",050203,7.59,5.00,Pcs,37.95,STD
830438,"Hose 1/8"" Str 06L L215 Banjo 1/8""",050203,8.51,5.00,Pcs,42.55,STD
830484,Automatic Gripper Check Valve SQ40,JOKN OFFICE,26.82,6.00,Pcs,160.92,STD
830491,"Hose 1/4"" Str 10L L370 90 Deg 10l",QUARANTINE,12.00,1.00,Pcs,12.00,STD
830492,"Hose 1/4"" Str 10L L620 90 Deg 10l",QUARANTINE,13.79,1.00,Pcs,13.79,STD
830493,"Hose 3/8"" Str 12L L870 90 Deg 10L",QUARANTINE,10.86,1.00,Pcs,10.86,STD
830494,"Hose 3/8"" Str 12L L770 45 Deg 10L",QUARANTINE,10.43,1.00,Pcs,10.43,STD
830495,"Hose 3/8"" 90 Deg WEO 3/8"" L2000 ",050203,16.56,8.00,Pcs,132.48,STD
830517,Cable SQ TR H6,050203,35.11,4.00,Pcs,140.44,STD
830600,Joystick L8 left IP65 CAN 2pr 5b (14),JOYSTICKS LEFT,309.03,5.00,Pcs,"1,545.15",STD
830601,Joystick L8 right IP65 CAN 2pr 5b (14),JOYSTICKS RIGHT,309.03,5.00,Pcs,"1,545.15",STD
835022,Label Warning Tiltcylinder 80x80mm,QUARANTINE,0.52,1.00,Pcs,0.52,STD
835022,Label Warning Tiltcylinder 80x80mm,CABLE FACTORY ,0.52,24.00,Pcs,12.48,STD
835033,Expander Grip X18/X20/X26,810507,85.90,3.00,Pcs,257.70,STD
835037,"Instruction, Expander Torque Sched.",VICTORS DESK,0.56,99.00,Pcs,55.44,STD
835039,Label Warning Upper QC Switch ,CABLE FACTORY ,1.45,26.00,Pcs,37.70,STD
835040,Label Warning Lower QC Switch,CABLE FACTORY ,1.45,18.00,Pcs,26.10,STD
835059,"Label, Warning QC 8 ton (Signs)",CABLE FACTORY ,1.64,20.00,Pcs,32.80,STD
835064,L8-Joystick Generic Layout 2/3 Roll,CABLE FACTORY ,8.99,15.00,Pcs,134.85,STD
835076,"Label, QR-code TR S XCG2",CABLE FACTORY ,0.63,41.00,Pcs,25.83,STD
835077,"Label, QR-code QC S",CABLE FACTORY ,0.63,24.00,Pcs,15.12,STD
835082,"Label, QR-code QC SQ",CABLE FACTORY ,0.63,14.00,Pcs,8.82,STD
835082,"Label, QR-code QC SQ",VICTORS DESK,0.63,40.00,Pcs,25.20,STD
835086,"Label, QR-code TR SQ XCG2",CABLE FACTORY ,1.12,20.00,Pcs,22.40,STD
835091,"Label, Steelwrist Dome 100x68,5",ASSEMBLY STATION,2.26,46.00,Pcs,103.96,STD
835092,"Label, QR-code XCG2 inst gen",CABLE FACTORY ,0.81,46.00,Pcs,37.26,STD
835102,"Label, Warning, Driver Info SQ",CABLE FACTORY ,1.49,14.00,Pcs,20.86,STD
835119,Label Open-S QR Code 50x60 Black,VICTORS DESK,0.43,40.00,Pcs,17.20,STD
835129,"Label, Warning TCX QC 0,75 Ton",020102,1.89,1.00,Pcs,1.89,STD
835139,Label Plate ID 50x22,********,1.83,5.00,Pcs,9.15,STD
835157,Riktningsventil DCSD05 24v Deutsch ,800403,38.47,4.00,Pcs,153.88,STD
835171,Fullservicekit X14 S50 FPL2 W/O GRIPPER,030202,990.77,1.00,Pcs,990.77,STD
835172,Fullservicekit X18 S60 FPL2 W/O GRIPPER,030202,736.76,1.00,Pcs,736.76,STD
835173,Fullservicekit X20 S60 FPL2 W/O GRIPPER,STALLED,880.96,1.00,Pcs,880.96,STD
835174,Fullservicekit X12 S50 FPL2 W/O GRIPPER,030202,822.10,1.00,Pcs,822.10,STD
891092,GEOfit El.Conn 10 Pole Female kit,040204,147.84,2.00,Pcs,295.68,STD
892605,Cable CAN-Card to inputs XC joysti,810203,15.14,1.00,Pcs,15.14,STD
898109,Teeth MTG 10 Teeth,040302,47.93,1.00,Pcs,47.93,STD
898110,Teeth MTG 10 Locking pin,040302,11.98,1.00,Pcs,11.98,STD
898138,"Pallet Fork, PF2500-S45 (1200mm)",QUARANTINE,562.56,1.00,Pcs,562.56,STD
898140US,"Pallet Fork, PF2500-S50 (1200mm)",ZONE 1,568.61,15.00,Pcs,"8,529.15",STD
898148US,"Pallet fork, PF5000-S70 (1200mm)",ZONE 2,"1,045.50",6.00,Pcs,"6,273.00",STD
898176,ScreeningGrid 15-25t 40mm 8mm wire,050901,423.62,2.00,Pcs,847.24,STD
898202US,"Pallet Fork, PF2000-S40 (1000mm)",ZONE 1,512.31,14.00,Pcs,"7,172.34",STD
898301DEMO,Bucket GB5-S40 (240L 140kg),080303,883.06,1.00,Pcs,883.06,STD
898309DEMO,Bucket DB4T-S40 (150L 110kg),080302,756.93,1.00,Pcs,756.93,STD
898400,Bucket SOB3-S40 (130L 90kg),080302,"1,324.48",1.00,Pcs,"1,324.48",STD
898442,Cam Shaft 5-10 Screening Bucket,050901,525.06,1.00,Pcs,525.06,STD
898445,Cam Shaft 13-18 Screening Bucket,050901,673.22,1.00,Pcs,673.22,STD
898446,Cam Shaft 15-20 Screening Bucket,030104,"2,824.76",1.00,Pcs,"2,824.76",STD
898460,Rocker Plate Screening Bucket 3-6 ,050901,196.02,1.00,Pcs,196.02,STD
898463,Rocker Plate Screening Bucket 13-18,050808,338.56,2.00,Pcs,677.12,STD
898465,Rocker Plate Screening Bucket 25-35,050901,505.96,5.00,Pcs,"2,529.80",STD
898469,Middle Rocker Plate SB17 Set 3pc,050901,412.17,4.00,Pcs,"1,648.68",STD
898471,Middle Rocker Plate SB25 Set 3pc,050901,674.61,4.00,Pcs,"2,698.44",STD
898520,Seal kit swivel complete X12-X32,800507,42.76,4.00,Pcs,171.04,STD
899315,Cable Bobcat Joystick P-0002713,810201,42.25,10.00,Pcs,422.50,STD
899316,Label Quality Check,VICTORS DESK,0.73,50.00,Pcs,36.50,STD
900003,Screw MC6S M12x30 12.9 Geomet,850205,0.30,32.00,Pcs,9.60,STD
900004,Screw MC6S M12x40 12.9 Geomet,850105,0.36,48.00,Pcs,17.28,STD
900006,Screw MC6S M12x50 12.9 Geomet,850105,0.36,118.00,Pcs,42.48,STD
900007,Screw MC6S M12x20 Geomet Dri-Loc,850205,0.27,10.00,Pcs,2.70,STD
900013,Screw MC6S M10x50 12.9 Geomet,850106,0.58,38.00,Pcs,22.04,STD
900014,Screw MC6S M8x16 12.9 Geomet,850207,0.12,75.00,Pcs,9.00,STD
900020,"O-ring 82,5x3 NBR 70",810602,0.23,1.00,Pcs,0.23,STD
900024,"O-ring 103,5x3 NBR 70",800502,0.50,3.00,Pcs,1.50,STD
900036,"Adapter 3/8"" M - 90D - 3/8"" F ",820209,2.94,11.00,Pcs,32.34,STD
900040,Bushing Slide 60x65x40,800601,5.12,5.00,Pcs,25.60,STD
900041,Bushing Slide 60x65x30,800601,3.58,13.00,Pcs,46.54,STD
900042,Slide Bushing 60x65x60,800605,6.79,9.00,Pcs,61.11,STD
900043,Bushing Slide 70x75x60,800605,9.25,9.00,Pcs,83.25,STD
900044,Bushing Slide 50x55x50 ,800601,4.90,3.00,Pcs,14.70,STD
900045,Bushing Slide 50x55x40,800601,3.96,16.00,Pcs,63.36,STD
900046,Bushing Slide 50x55x30,800601,3.11,3.00,Pcs,9.33,STD
900047,Bushing Slide 40x44x40,800602,3.09,21.00,Pcs,64.89,STD
900047,Bushing Slide 40x44x40,QUARANTINE,3.09,2.00,Pcs,6.18,STD
900050,Screw M6SH M10x20 FZB,850206,0.08,67.00,Pcs,5.36,STD
900051,Screw M6SH M12x20 8.8,850205,0.11,37.00,Pcs,4.07,STD
900055,"Banjo bolt 1/8""",820206,0.79,24.00,Pcs,18.96,STD
900057,Bushing Slide 35x39x40,800601,2.70,2.00,Pcs,5.40,STD
900059,"Adapter 1/4"" M - 90D - 1/4"" F ",820209,2.78,12.00,Pcs,33.36,STD
900061,"Bearing Slide 70,5x106x2,5",800601,7.45,9.00,Pcs,67.05,STD
900063,Bearing Slide 40x64x2,800601,2.66,12.00,Pcs,31.92,STD
900063,Bearing Slide 40x64x2,QUARANTINE,2.66,4.00,Pcs,10.64,STD
900068,Washer Nordlock M8,850207,0.15,142.00,Pcs,21.30,STD
900069,Washer Nordlock M20,850101,0.69,85.00,Pcs,58.65,STD
900071,Retainer ring SGA35,810603,0.12,13.00,Pcs,1.56,STD
900072,Retainer ring SGA 50x2,810605,0.28,19.00,Pcs,5.32,STD
900073,Retainer ring SGA30,810603,0.11,15.00,Pcs,1.65,STD
900073,Retainer ring SGA30,QUARANTINE,0.11,1.00,Pcs,0.11,STD
900076,"Tredo washer 1""",820209,0.35,20.00,Pcs,7.00,STD
900079,Washer Nordlock M10,850206,0.19,282.00,Pcs,53.58,STD
900079,Washer Nordlock M10,QUARANTINE,0.19,3.00,Pcs,0.57,STD
900080,Washer Nordlock M12,850205,0.27,316.00,Pcs,85.32,STD
900080,Washer Nordlock M12,QUARANTINE,0.27,4.00,Pcs,1.08,STD
900081,Washer Nordlock M16,850204,0.48,285.00,Pcs,136.80,STD
900082,Washer Nordlock M18,850202,0.65,122.00,Pcs,79.30,STD
900083,"Bearing Slide 35,5x70x2,5",800601,2.77,8.00,Pcs,22.16,STD
900091,Washer PS 35/45x1 DIN988,810602,0.11,92.00,Pcs,10.12,STD
900095,Nipple Grease M8x1 FZB Straight,810606,0.22,80.00,Pcs,17.60,STD
900095,Nipple Grease M8x1 FZB Straight,QUARANTINE,0.22,2.00,Pcs,0.44,STD
900096,"Adapter 1/4"" M - 1/4"" M",820208,0.40,15.00,Pcs,6.00,STD
900097,"Adapter 3/8"" M - 3/8"" M",820208,0.62,26.00,Pcs,16.12,STD
900103,"Adapter 3/8"" M - 3/8"" F ",820208,1.06,13.00,Pcs,13.78,STD
900108,"Ferrule (Presshylsa 1W) 3/8""",820408,0.78,153.00,Pcs,119.34,STD
900109,"Ferrule (Presshylsa 1W) 1/4""",820408,0.66,83.00,Pcs,54.78,STD
900113,"Banjo bolt 3/8""",820206,1.21,15.00,Pcs,18.15,STD
900114,"Banjo bolt 1/2""",820206,1.84,24.00,Pcs,44.16,STD
900117,"Fitting Straight, 3/8"" Fem",820203,1.04,9.00,Pcs,9.36,STD
900120,"Fitting Straight, 1/4"" F",820204,0.57,94.00,Pcs,53.58,STD
900125,"Fitting 90 DC, 3/8"" Fem",820203,9.00,31.00,Pcs,279.00,STD
900126,"Fitting 90DC, 1/4"" Fem",820204,4.26,25.00,Pcs,106.50,STD
900127,"Fitting 1/2"" Banjo (3/8"" hose)",820203,4.99,42.00,Pcs,209.58,STD
900130,"Fitting Straight, 3/8"" Male",820203,1.80,43.00,Pcs,77.40,STD
900132,"Adapter 1/2"" M - 3/8"" M",820208,0.62,6.00,Pcs,3.72,STD
900134,"Tredo washer 1/8""",820209,0.08,106.00,Pcs,8.48,STD
900135,"Tredo washer 1/4""",820209,0.10,7.00,Pcs,0.70,STD
900136,"Tredo washer 3/8"" ",820209,0.09,115.00,Pcs,10.35,STD
900137,"Tredo washer 1/2""",820209,0.10,112.00,Pcs,11.20,STD
900139,"T-Adapter 1/4"" Fem, 1/4"" Male x2",820207,6.20,49.00,Pcs,303.80,STD
900141,"Plug VSTI G1/4"" ED",820201,0.55,57.00,Pcs,31.35,STD
900141,"Plug VSTI G1/4"" ED",QUARANTINE,0.55,15.00,Pcs,8.25,STD
900142,"Plug VSTI G3/8"" ED",820201,0.62,19.00,Pcs,11.78,STD
900143,Bushing Flange 35x39x50x35,800601,2.94,6.00,Pcs,17.64,STD
900146,Bushing Slide 60x65x50,800605,5.47,10.00,Pcs,54.70,STD
900151,"Hose Protection, 32mm Green",CABLE FACTORY ,4.22,96.00,M,405.12,STD
900152,"Hose Protection, 40mm Green",CABLE FACTORY ,5.31,4.00,M,21.24,STD
900159,"Hose Protection, 6,4mm x 1,2 Black",CABLE FACTORY ,0.53,18.667,M,9.89,STD
900162,Bottom Part CZAP 25 LS221,800208,29.48,2.00,Pcs,58.96,STD
900166,Lid CKAX 03 CXA for 8 pole male,810308,8.07,1.00,Pcs,8.07,STD
900170,"Lid, CKA03 C for 8 pole fem. (ILME)",810308,4.27,3.00,Pcs,12.81,STD
900179,"Pin Crimp, CDMA 0.7 (ILME)",810205,0.32,20.00,Pcs,6.40,STD
900189,Screw MC6S M5x70 FZB,810104,0.08,17.00,Pcs,1.36,STD
900207,O-ring 110x3 NBR70,810504,0.88,10.00,Pcs,8.80,STD
900220,"Adapter 1/4"" M - 1/4"" F",820208,0.65,2.00,Pcs,1.30,STD
900259,Screw MC6S M8x20 12.9 Geomet,850207,0.12,94.00,Pcs,11.28,STD
900276,Screw MC6S M10x30 12.9 Geomet Dri-Loc,850106,0.19,65.00,Pcs,12.35,STD
900277,Screw MC6S M16x35 12.9 Geomet,850203,0.61,24.00,Pcs,14.64,STD
900283,Valve NG6 4:3On/Off(DG4V3C2) 24V,800606,136.01,5.00,Pcs,680.05,STD
900287,Screw MC6s M12x70,850105,0.52,29.00,Pcs,15.08,STD
900290,Label Plate ID 90x55x1mm Std,********,1.23,9.00,Pcs,11.07,STD
900314,Coil f DG4V 3 on/off 24V AMPjr,800402,99.28,4.00,Pcs,397.12,STD
900315,Coil Lock Valve Vickers 12V AMPJr,800402,27.00,4.00,Pcs,108.00,STD
900320,Nipple Grease M8x1 FZB 45 Deg,810606,0.44,5.00,Pcs,2.20,STD
900321,Retainer ring SGA25,810603,0.06,11.00,Pcs,0.66,STD
900327,Nut LM6M M12 6/8 DIN 985 FZB,850205,0.10,118.00,Pcs,11.80,STD
900328,Nut LM6M M10 DIN 985 FZB ,850206,0.06,38.00,Pcs,2.28,STD
900329,Screw MC6S M5x35 12.9 Geomet,850109,0.13,170.00,Pcs,22.10,STD
900329,Screw MC6S M5x35 12.9 Geomet,QUARANTINE,0.13,4.00,Pcs,0.52,STD
900338,Pin FRP 8x20,810602,0.06,25.00,Pcs,1.50,STD
900340,Lid CZC 25 LG 16 pole connector,810102,15.05,2.00,Pcs,30.10,STD
900384,Screw MC6S M10x16 12.9 Geomet,850206,0.18,54.00,Pcs,9.72,STD
900384,Screw MC6S M10x16 12.9 Geomet,QUARANTINE,0.18,3.00,Pcs,0.54,STD
900385,Screw MC6S M10x20 12.9 Geomet,850206,0.17,47.00,Pcs,7.99,STD
900390,Screw M6SH M12x30 10.9 geomet,850205,0.22,126.00,Pcs,27.72,STD
900393,"Rubber Boot, AMP Jr Timer 2-pole",810203,3.10,12.00,Pcs,37.20,STD
900398,Screw M6S M8x14H ISO 4017 8.8 FZB,********,0.06,8.00,Pcs,0.48,STD
900425,"Washer PS 30/42x0,5 DIN988",810605,0.08,17.00,Pcs,1.36,STD
900427,"Washer PS 35/45x0,5 DIN988",810602,0.12,16.00,Pcs,1.92,STD
900446,Bushing Flange 40x44x55x40,800601,3.09,3.00,Pcs,9.27,STD
900454,Blind plate CETOP NG6 BS301001,810505,13.81,7.00,Pcs,96.67,STD
900455,Screw MC6S M5x14 12.9 Geomet,810207,0.13,4.00,Pcs,0.52,STD
900461,Screw MC6S M16x50 Geomet,850203,0.68,67.00,Pcs,45.56,STD
900471,Cylinder Bearing LS GE 25ES,800603,2.13,1.00,Pcs,2.13,STD
900472,Cylinder Bearing LS GE 30ES,810505,1.77,2.00,Pcs,3.54,STD
900473,Cylinder Bearing LS GE 35ES,800603,2.30,17.00,Pcs,39.10,STD
900478,Valve NG6 4:2 On/Off (DG4V32B) 24V,800407,64.58,2.00,Pcs,129.16,STD
900491,Nut LM6M M8 6/8 FZB,850207,0.02,153.00,Pcs,3.06,STD
900494,Screw MC6S M8x45 12.9,850104,0.40,6.00,Pcs,2.40,STD
900497,Screw MC6S M8x12 DIN912 12.9 Geomet,850207,0.24,28.00,Pcs,6.72,STD
900501,Screw MC6S M5x30 12.9 Geomet,850109,0.13,106.00,Pcs,13.78,STD
900503,Screw MC6S M12x160 12.9 SvivelBolt,850105,1.00,10.00,Pcs,10.00,STD
900506,Pin FRP 8x14,810604,0.10,91.00,Pcs,9.10,STD
900508,Screw MC6S M8x35 12.9 Geomet,QUARANTINE,0.35,4.00,Pcs,1.40,STD
900520,Nut LM6M M16 6/8 FZB,850203,0.13,73.00,Pcs,9.49,STD
900523,Nut M6M M4 A4,850208,0.02,200.00,Pcs,4.00,STD
900524,Nut M6M M6 A2/A4,850208,0.03,30.00,Pcs,0.90,STD
900538,Retainer ring SGA45,810603,0.20,107.00,Pcs,21.40,STD
900546,Screw MC6S M8x40 12.9 Geomet,850107,0.44,79.00,Pcs,34.76,STD
900547,Screw MC6S M8x55 12.9 Geomet,850107,0.09,99.00,Pcs,8.91,STD
900555,"Bearing Slide 35,5x60x2",800601,1.88,23.00,Pcs,43.24,STD
900570,Washer BRB M6 FZB,QUARANTINE,0.01,12.00,Pcs,0.12,STD
900582,O-ring kit X04/X06+,810506,15.77,4.00,Pcs,63.08,STD
900594,"Washer TBRB FZB 8,4x16x3",850207,0.05,13.00,Pcs,0.65,STD
900597,Nut LM6M M6 6/8 DIN 985 FZB,850208,0.02,298.00,Pcs,5.96,STD
900599,Screw M6SH M8x20 FZB,850207,0.04,16.00,Pcs,0.64,STD
900600,Nut ML6M M8 FZB,850208,0.02,48.00,Pcs,0.96,STD
900610R,Valve DHZO-A071-L5/18MC20 90°,800401,412.04,3.00,Pcs,"1,236.12",STD
900610T,Valve DHZO-A071-L5/18MC20 180°,800401,339.76,1.00,Pcs,339.76,STD
900620,Bushing Slide 35/39x25,800602,1.73,7.00,Pcs,12.11,STD
900622,Nipple Grease M8x1 FZB 90 Deg,810606,0.37,16.00,Pcs,5.92,STD
900628,Screw MC6S M16x130 12.9 Holokrome Geomet ,850102,4.08,6.00,Pcs,24.48,STD
900630,Screw MC6S M8x80 12.9,850107,0.23,57.00,Pcs,13.11,STD
900631,Screw MC6s M16x140 12.9 GEOMET,850103,1.93,56.00,Pcs,108.08,STD
900638,Motor Hydr 160cc White,040102,517.40,1.00,Pcs,517.40,STD
900640,Valve CrossOverRelief RVBD10 210bar,800506,39.69,4.00,Pcs,158.76,STD
900656,Valve CrossOverRelief RVBD-08 210B,800402,81.07,2.00,Pcs,162.14,STD
900688,Coil ER-12VDC/10-4303712,800402,21.82,4.00,Pcs,87.28,STD
900689,Coil ER-12VDC/08-4303612,800402,54.10,1.00,Pcs,54.10,STD
900698,"Mount Joystick L8 M12,M14,M14x1,5",810208,22.07,5.00,Pcs,110.35,STD
900712,Screw MC6S M6x16 12.9 Geomet,850208,0.08,25.00,Pcs,2.00,STD
900713,Screw MC6S M8x70 12.9 Geomet,850107,0.36,2.00,Pcs,0.72,STD
900716,Nut LM6M M20 6/8 FZB,850101,0.28,68.00,Pcs,19.04,STD
900746,Weld On Safety Hook PEJO C201,800501,36.07,2.00,Pcs,72.14,STD
900747,Weld On Safety Hook PEJO C202,800501,42.51,3.00,Pcs,127.53,STD
900748,Weld On Safety Hook PEJO C203,800501,48.46,4.00,Pcs,193.84,STD
900749,Weld On Safety Hook PEJO C205,800501,64.58,2.00,Pcs,129.16,STD
900750,Weld On Safety Hook PEJO C208,050201,78.20,5.00,Pcs,391.00,STD
900756,"Coil C19B 12V loose end (4,68)",800403,19.58,3.00,Pcs,58.74,STD
900761,Screw MC6S M8x90 12.9 Geomet,850107,0.86,27.00,Pcs,23.22,STD
900796,"Adapter 1/4"" M - 11/16"" ORFS M",820306,1.64,16.00,Pcs,26.24,STD
900798,"SAE Plate 1"" 6000PSI - 1"" wo o-ring",800506,15.14,20.00,Pcs,302.80,STD
900809,O-ring kit cross over valve SKV1022,810507,8.87,2.00,Pcs,17.74,STD
900812,"Fixing nut, coil NG4 ",810506,5.76,2.00,Pcs,11.52,STD
900834,Safety Hook PEJO C201 repair kit,800501,12.11,2.00,Pcs,24.22,STD
900835,Safety Hook PEJO C202/3 repair kit,800501,14.63,2.00,Pcs,29.26,STD
900836,Safety Hook PEJO C205 repair kit,800501,16.52,5.00,Pcs,82.60,STD
900840,Bushing Slide 35x39x30,800601,2.19,14.00,Pcs,30.66,STD
900853,Coil ER-24VDC/10-4303724,800402,20.19,4.00,Pcs,80.76,STD
900854,"Press. Sw. 40bar G1/4"", NO DT04-2P",810505,25.88,4.00,Pcs,103.52,STD
900857,Cable conduit Lightflex 16S ,CABLE FACTORY ,1.22,29.00,M,35.38,STD
900873,"Adapter 9/16"" JIC M - 3/8"" M",820405,2.27,10.00,Pcs,22.70,STD
900874,"Adapter L, 9/16""(x2) JIC M-9/16"" F",820405,2.24,3.00,Pcs,6.72,STD
900875,"Adapter 3/4"" JIC M - 1/2"" M",820405,6.10,8.00,Pcs,48.80,STD
900878,"Adapter 1/4"" M - 9/16"" JIC M",820405,1.16,11.00,Pcs,12.76,STD
900881,"Tredo washer 3/4""",820209,0.14,20.00,Pcs,2.80,STD
900882,"Adapter 1/4"" - bulkhead - 10L, L34",820109,1.66,6.00,Pcs,9.96,STD
900883,Sealing Kit cylinder 63/32,810406,50.08,1.00,Pcs,50.08,STD
900884,Sealing Kit cylinder 40/20,050201,45.16,1.00,Pcs,45.16,STD
900884,Sealing Kit cylinder 40/20,810308,45.16,2.00,Pcs,90.32,STD
900885,Sealing Kit cylinder 50/25,050201,46.67,1.00,Pcs,46.67,STD
900886,Sealing Kit cylinder 70/35,810403,51.34,1.00,Pcs,51.34,STD
900898,Nipple Grease M10x1 HI,810606,2.46,20.00,Pcs,49.20,STD
900910,"Check valve 3/4"" F-F",820210,12.18,7.00,Pcs,85.26,STD
900913,"Check valve 1/4"" F-F",820210,6.16,8.00,Pcs,49.28,STD
900914,"Check Valve 1/2"" F-F",820210,8.69,10.00,Pcs,86.90,STD
900915,"SAE Plate 3/4"" 6000PSI - 3/4 BSP"" ",800506,13.53,24.00,Pcs,324.72,STD
900916,"Adapter G 1"" -3/4"" M-M",820208,3.28,18.00,Pcs,59.04,STD
900918,Screw MC6S M10x20 12.9 Ge Dri-Loc,850206,0.33,42.00,Pcs,13.86,STD
900919,"Washer BRB M10 HB200 FZB 10,5X22X2",850206,0.04,37.00,Pcs,1.48,STD
900992,Washer BRB 17x30x3 HB 200 FZB,850203,0.06,7.00,Pcs,0.42,STD
900997,"TEMA 5000 Coupling Male 1/2"" T5021",800608,48.50,4.00,Pcs,194.00,STD
900998,"TEMA 5000 Coupling Fem. 1/2"" T5011",800608,22.64,6.00,Pcs,135.84,STD
900999,TEMA 5000 Dust Prot. Fem. T5016,800608,6.50,7.00,Pcs,45.50,STD
901000,TEMA 5000 Dust Prot. Male T5026,800608,6.50,3.00,Pcs,19.50,STD
901006,Screw MC6S M10X40 12.9 Geomet,850106,0.24,71.00,Pcs,17.04,STD
901007,O-ring 9.25x1.78 FPM 75,810602,0.13,49.00,Pcs,6.37,STD
901008,Bushing Flange 30x34x45x30,800601,1.83,15.00,Pcs,27.45,STD
901009,Screw MC6S M5x45 12.9 Geomet,850109,0.27,72.00,Pcs,19.44,STD
901012,Screw MC6S M12x120 12.9 Geomet,850105,1.45,4.00,Pcs,5.80,STD
901020,Screw M6SH M12X20 10.9,850205,0.17,47.00,Pcs,7.99,STD
901021,"Fitting 1/2"" Str M (3/8"" hose)",820203,3.30,14.00,Pcs,46.20,STD
901024,"Ferrule (Presshylsa 1W) 1/2""",820408,0.77,102.00,Pcs,78.54,STD
901025,"Adapter 1/2"" M - 1/2"" M",820208,0.95,8.00,Pcs,7.60,STD
901044,"Screw UF6S 10,9 UNC, 3/8UNCX25H",850206,0.83,124.00,Pcs,102.92,STD
901047,Screw MC6S M16x100 12.9 Holokrome Geomet,850101,2.60,8.00,Pcs,20.80,STD
901050,Valve RPE3-062Z51/01200E3 (NG6 4:2),800402,74.03,2.00,Pcs,148.06,STD
901059,Screw MC6S M8x30 DIN912 12.9 Geomet,850207,0.27,102.00,Pcs,27.54,STD
901060,Washer Nordlock M6,850208,0.16,252.00,Pcs,40.32,STD
901064,O-ring 7.65x1.68 ArgoH NG4 square,810602,0.14,38.00,Pcs,5.32,STD
901065,Screw MC6S M12 X 65 12.9 Geomet,850105,0.51,122.00,Pcs,62.22,STD
901065,Screw MC6S M12 X 65 12.9 Geomet,QUARANTINE,0.51,4.00,Pcs,2.04,STD
901066,Pin CP 5X8 m6,810604,0.12,117.00,Pcs,14.04,STD
901068,"Adapter 8L - 1/4"" M",820105,2.42,21.00,Pcs,50.82,STD
901069,Tema (male) 2520 T-Series,800607,6.42,8.00,Pcs,51.36,STD
901070,Tema (fem) 2510 T,800607,13.69,6.00,Pcs,82.14,STD
901071,Tema Dust Protect (fem) 2516 T,800607,3.50,1.00,Pcs,3.50,STD
901075,Koenig Expander Plug MB 850-050 ,800404,0.50,50.00,Pcs,25.00,STD
901076,Koenig Expander Plug MB 850-070 ,800404,1.40,4.00,Pcs,5.60,STD
901104,"Fitting 1/4"" hose 11/16"" 90D ORFS",820303,9.00,7.00,Pcs,63.00,STD
901106,Contact AMP Jr P Timer 1.5-2.5 Sock,810203,0.16,25.00,Pcs,4.00,STD
901107,Contact AMP Jr P Timer 0.5-1.0 Sock,810203,0.13,96.00,Pcs,12.48,STD
901108,"Connector Econoseal, Rec.0.2-0.5mm",810201,0.09,45.00,Pcs,4.05,STD
901109,"Connector Econoseal, Tab 0.2-0.5mm",810201,0.16,35.00,Pcs,5.60,STD
901110,"Wire Seal, Econoseal MkII+",810201,0.09,50.00,Pcs,4.50,STD
901117,Valve Prop. 2way norm.clsd SP08-20,800502,150.30,1.00,Pcs,150.30,STD
901121,"Connector Housing, Carling, VC1-01",810203,2.12,1.00,Pcs,2.12,STD
901125,"Crimp Terminal, Female, PK25",810106,0.11,50.00,Pcs,5.50,STD
901126,"Summer, Micronics QMX-05 (5Volt)",810205,2.31,3.00,Pcs,6.93,STD
901132,"Adapter 13/16"" ORFS M - 3/4"" M",820304,3.99,20.00,Pcs,79.80,STD
901134,ORFS 90 deg. F Fitting T13/16 H3/8,820302,15.90,5.00,Pcs,79.50,STD
901139,ORFS Str. F Fitting T13/16 H3/8,820302,12.40,28.00,Pcs,347.20,STD
901141,"Adapter L 9/16"" ORFS",820307,4.01,9.00,Pcs,36.09,STD
901142,"Adapter 9/16"" ORFS F - 1/4"" F",820306,3.50,7.00,Pcs,24.50,STD
901143,"Adapter 13/16"" ORFS M - 3/8"" M",820305,1.58,38.00,Pcs,60.04,STD
901144,"Adapter 13/16"" ORFS M - 1/2"" M",820305,1.92,33.00,Pcs,63.36,STD
901148,"Crimp Terminal, Female, 2.5 mm2",810106,0.35,50.00,Pcs,17.50,STD
901162,"Adapter 1/4"" M - 9/16"" ORFS M",820306,1.71,30.00,Pcs,51.30,STD
901163,"Adapter 9/16"" ORFS 90D",820308,3.50,14.00,Pcs,49.00,STD
901164,"Adapter L 11/16"" ORFS",820307,5.16,15.00,Pcs,77.40,STD
901177,"Adapter L 13/16"" ORFS",820307,6.62,14.00,Pcs,92.68,STD
901192,Pin Crimp CDMA 2.5 (ILME),810205,0.30,20.00,Pcs,6.00,STD
901195,Connector Fastin Faston 4-Pol fem.,810106,0.97,2.00,Pcs,1.94,STD
901196,Connector Fastin Faston 8-Pol fem.,810106,2.30,2.00,Pcs,4.60,STD
901199,"Valve SequeVSQ-20-LM 30 Bar (G3/8"")",800404,23.58,1.00,Pcs,23.58,STD
901199,"Valve SequeVSQ-20-LM 30 Bar (G3/8"")",800505,23.58,4.00,Pcs,94.32,STD
901237,Connector Fastin Faston 1-Pol male,810203,0.26,20.00,Pcs,5.20,STD
901246,Econoseal Plug Housing 8p,810107,4.56,7.00,Pcs,31.92,STD
901247,Econoseal Double lock plate 8p Plug,810107,1.70,10.00,Pcs,17.00,STD
901270,"Velcro tape, 3M, B=25mm",810202,100.91,28.00,Pcs,"2,825.48",STD
901286,"Screw MC6S M10x25 DIN912 12,9 Geomet",850206,0.38,3.00,Pcs,1.14,STD
901289,Valve Check Pilot operated ERVH-G-1,810507,62.49,9.00,Pcs,562.41,STD
901290,Valve Pressure Relief UVP4/500/N420,810507,68.30,10.00,Pcs,683.00,STD
901292,"Nut ML6M M16x1,5 FZB",850203,0.35,4.00,Pcs,1.40,STD
901294,Valve Pilot Check 4CK120,800407,51.18,1.00,Pcs,51.18,STD
901304,Screw MC6S M6x16 12.9 Geom. Dri-loc,850108,0.24,28.00,Pcs,6.72,STD
901314,Plugg till kulventilinsats,800503,6.15,4.00,Pcs,24.60,STD
901315,"WEO Cartridge 1/4"" NBR",800503,6.52,8.00,Pcs,52.16,STD
901404,"Seal R09x50x61x4,2-U580/NBR PUR",810603,4.92,15.00,Pcs,73.80,STD
901407,"Adapter BSP 1/4""M - JIC 7/16""F",820406,3.39,36.00,Pcs,122.04,STD
902003,O-ring 35x2.2 NBR 70,810601,0.63,10.00,Pcs,6.30,STD
902008,Dust Prot. TEMA male 2526 T-Series,800607,1.67,13.00,Pcs,21.71,STD
902019,"Adapter 1/4"" M - 1/8"" F",820204,0.96,10.00,Pcs,9.60,STD
902026,Retainer ring SGH47,810603,0.26,26.00,Pcs,6.76,STD
902027,Retainer ring SGH55,800405,0.35,6.00,Pcs,2.10,STD
902045,Deutsch Connector DT06-2S (Plug),810106,0.71,18.00,Pcs,12.78,STD
902047,Deutsch Connector DT06-6S (Plug),810106,2.02,7.00,Pcs,14.14,STD
902048,Deutsch Connector DT06-8SA (Plug),810106,3.21,12.00,Pcs,38.52,STD
902049,Deutsch Connector DT04-2P (Recept.),810106,0.64,18.00,Pcs,11.52,STD
902050,Deutsch Connector DT04-4P (Recept.),810106,0.88,13.00,Pcs,11.44,STD
902051,Deutsch Connector DT04-6P (Recept.),810106,1.60,36.00,Pcs,57.60,STD
902052,Deutsch Connector DT04-8PA (Recept),810106,3.08,27.00,Pcs,83.16,STD
902053,Deutsch Secondary Lock Part W2S ,810106,0.09,6.00,Pcs,0.54,STD
902054,Deutsch Secondary Lock Part W4S ,810106,0.11,11.00,Pcs,1.21,STD
902055,Deutsch Secondary Lock Part W6S ,810106,0.18,6.00,Pcs,1.08,STD
902056,Deutsch Secondary Lock Part W8S ,810106,0.19,20.00,Pcs,3.80,STD
902057,Deutsch Secondary Lock Part W2P,810106,0.10,26.00,Pcs,2.60,STD
902059,Deutsch Secondary Lock Part W6P,810106,0.11,15.00,Pcs,1.65,STD
902060,Deutsch Secondary Lock Part W8P,810106,0.15,25.00,Pcs,3.75,STD
902061,Deutsch DT Socket 16-20 AWG,810203,0.37,240.00,Pcs,88.80,STD
902063,Deutsch Contact Rubber Blind Plug ,810203,0.10,50.00,Pcs,5.00,STD
902069,Nipple Grease M6x1 FZB Straight,810606,0.14,52.00,Pcs,7.28,STD
902086,HECR Roller/Slider Round Top,810205,63.07,2.00,Pcs,126.14,STD
902087,P9 Switch w CI01-02 Connector Black,810205,11.23,5.00,Pcs,56.15,STD
902126,Deutsch Secondary Lock Part W3P,810106,0.09,17.00,Pcs,1.53,STD
902127,Deutsch Connector DT04-3P (Recept.),810106,2.90,12.00,Pcs,34.80,STD
902129,Deutsch DTP Socket 12-14 AWG,810203,0.55,50.00,Pcs,27.50,STD
902135,"Hose SPT330/2SC SPECMA tape - 3/8""",030203,3.93,50.00,M,196.50,STD
902137,"Valve Shuttle in Manifold BSP 1/4""",800404,91.28,3.00,Pcs,273.84,STD
902140,Deutsch DTM Pin AWG 18-20,810203,0.25,128.00,Pcs,32.00,STD
902145,"Press Switch 25bar G1/4"" NO DT04-2P",810505,25.83,8.00,Pcs,206.64,STD
902146,Screw MC6S M12X90 12.9 Geomet,850105,1.02,77.00,Pcs,78.54,STD
902150,Screw MC6S M6x65 8.8 FZB,850108,0.07,297.00,Pcs,20.79,STD
902162,Nipple Grease M10x1 FZB Straight,810606,0.33,21.00,Pcs,6.93,STD
902163,Cable tie 186x4.8 Black,CABLE FACTORY ,0.06,"1,300.00",Pcs,78.00,STD
902165,"Nut U6M 1/2 UNF FZB ANSI B18,2",810404,0.25,21.00,Pcs,5.25,STD
902174,"Washer RB 4,3x9x0,8 A2",850208,0.01,200.00,Pcs,2.00,STD
902175,P9 Switch w CI01-02 Connector Green,810205,26.49,1.00,Pcs,26.49,STD
902176,Fitting R1/2” UF 1/2” ,820202,1.64,20.00,Pcs,32.80,STD
902177,Connector JPT GEH 6pol XCG2 (Blue),810106,0.25,4.00,Pcs,1.00,STD
902179,Connector JPT GEH 9pol XCG2 Yellow,810106,6.05,6.00,Pcs,36.30,STD
902180,Connector Multilock 040 16P (XCG2),810106,1.46,10.00,Pcs,14.60,STD
902181,Crimp Socket Multilock 040 AWG20-24,810203,0.17,100.00,Pcs,17.00,STD
902182,Econoseal Cap Housing 10p,810106,1.08,21.00,Pcs,22.68,STD
902183,Econoseal Cap Housing 12p,810106,3.50,10.00,Pcs,35.00,STD
902184,Econoseal Double Lockplate 10p hane,810106,1.31,5.00,Pcs,6.55,STD
902185,Econoseal Double Lock Plate 12p,810106,1.80,19.00,Pcs,34.20,STD
902193,Connector JPT GEH 6pol TAB (Blue),810106,3.20,5.00,Pcs,16.00,STD
902194,Contact AMP Jr P Timer 1.0-2.5 TAB,810203,0.12,50.00,Pcs,6.00,STD
902195,Contact AMP Jr P Timer 0.5-1.0 TAB,810203,0.38,100.00,Pcs,38.00,STD
902199,Econoseal Cap Housing 8p,810106,1.67,3.00,Pcs,5.01,STD
902296,Valve NG6 4:3On/Off(DG4V3C2) 12V,800606,90.04,3.00,Pcs,270.12,STD
902297,Valve lock Hforce SV08-40-0-N-00 HF NL,800506,69.63,5.00,Pcs,348.15,STD
902310,"Fitting 1/4"" hose 9/16"" ORFS ",820303,1.72,23.00,Pcs,39.56,STD
902315,"Fitting 1/4"" hose 11/16"" ORFS ",820303,2.67,14.00,Pcs,37.38,STD
902338,Contact AWG16 to JST WPZ 36pol.,810106,0.19,100.00,Pcs,19.00,STD
902339,Sealing Plug to JST WPZ 36pol.,810106,0.25,40.00,Pcs,10.00,STD
902340,Contact AWG20 to JST WPZ 36pol.,810106,0.19,40.00,Pcs,7.60,STD
902342,Bushing Slide 70x75x55,800605,8.60,10.00,Pcs,86.00,STD
902344,"Fitting 1/4"" hose 12L",820104,5.16,15.00,Pcs,77.40,STD
902345,"Fitting 1/4"" hose 8L",820104,1.26,23.00,Pcs,28.98,STD
902346,"Fitting 3/8"" hose 12L 45D",820103,1.62,25.00,Pcs,40.50,STD
902349,"Fitting 1/4"" hose banjo",820204,8.70,34.00,Pcs,295.80,STD
902351,"Fitting PA 3/8"" 12L P85-06-12L L36",820103,9.66,23.00,Pcs,222.18,STD
902353,"Fitting 1/2"" hose banjo",820202,29.30,30.00,Pcs,879.00,STD
902354,"Fitting 1/2"" hose 15L",820102,1.66,20.00,Pcs,33.20,STD
902355,"Fitting 1/2"" hose 15L 90D",820102,2.81,17.00,Pcs,47.77,STD
902359,"Fitting 3/8"" hose 12L",820104,3.70,21.00,Pcs,77.70,STD
902360,"Fitting PA 1/2"" 15L P85-08-15L L38",820102,10.62,22.00,Pcs,233.64,STD
902361,"Fitting 1/2"" hose 12L",820102,24.06,26.00,Pcs,625.56,STD
902368,"Adapter 1/4""- bulkhead- 10L, L23",820109,1.92,8.00,Pcs,15.36,STD
902369,"Adapter 3/8"" - bulkhead - 12L",820109,2.67,9.00,Pcs,24.03,STD
902370,"Adapter 1/4"" - bulkhead - 6L",820109,4.76,4.00,Pcs,19.04,STD
902371,Adapter 8L - Bulkhead - 8L,820109,1.41,8.00,Pcs,11.28,STD
902372,Adapter 10L Bulkhead- 10L (X),820109,2.29,21.00,Pcs,48.09,STD
902373,Nut 15L KMM15L,820110,0.77,16.00,Pcs,12.32,STD
902374,Nut 12L KMM12L,820110,0.57,5.00,Pcs,2.85,STD
902375,"Adapter 15L - 1/2"" M (X)",820106,1.12,22.00,Pcs,24.64,STD
902376,"Adapter 12L - 3/8"" M (X)",820106,1.18,18.00,Pcs,21.24,STD
902377,"Adapter 15L - 3/8"" M (X)",820103,0.79,16.00,Pcs,12.64,STD
902378,"Adapter 8L - 1/4"" M (X)",820106,0.94,29.00,Pcs,27.26,STD
902379,"Adapter 6L - 1/4"" ( XGE06-LR1/4-JE)",820106,0.74,19.00,Pcs,14.06,STD
902381,"Adapter 6L - 1/8"" M (X)",820106,0.76,33.00,Pcs,25.08,STD
902390,"Fitting 1/4"" hose 10L",820104,3.90,27.00,Pcs,105.30,STD
902393,"Adapter 10L - 1/4"" M (X)",820106,0.58,19.00,Pcs,11.02,STD
902393,"Adapter 10L - 1/4"" M (X)",QUARANTINE,0.58,10.00,Pcs,5.80,STD
902401,GEOfit Back Lid Kit,040204,7.06,1.00,Pcs,7.06,STD
902403,Bracket GEOfit Mounting,040204,14.64,2.00,Pcs,29.28,STD
902405,GEOfit Nipple Plate Dust Cap,040204,5.55,2.00,Pcs,11.10,STD
902408,GEOfit Coupling DN 12.5,040204,45.79,1.00,Pcs,45.79,STD
902409,Nipple Grease GEOfit 18x1 Fem,040204,35.95,1.00,Pcs,35.95,STD
902410,GEOfit Grease Coupling,040204,69.25,2.00,Pcs,138.50,STD
902415,"Adapter WEO 3/4"" - G1/2"" FEM",800404,2.93,14.00,Pcs,41.02,STD
902419,"Adapter WEO 1/2"" - G1/2"" FEM",800404,3.23,8.00,Pcs,25.84,STD
902421,Washer BRB M5 FZB,810104,0.01,12.00,Pcs,0.12,STD
902423,Set screw P6SS M8x16 45H,810603,0.06,255.00,Pcs,15.30,STD
902424,Screw MLC6S M12x25 8.8,850205,0.37,59.00,Pcs,21.83,STD
902427,Screw MC6S M12x45 12.9 GEO,850205,0.39,16.00,Pcs,6.24,STD
902430,Seal Simrit Wiper PU5 53x4x45,810505,1.34,8.00,Pcs,10.72,STD
902432,Seal Simrit Wiper PU5 70x78x76x4,800406,1.92,6.00,Pcs,11.52,STD
902433,Screw MC6S M3x12 FZB,850109,0.02,25.00,Pcs,0.50,STD
902434,Nut LM6M M3 FZB,850109,0.01,50.00,Pcs,0.50,STD
902440,Screw MLC6S M10x25 FZB ,850106,0.22,101.00,Pcs,22.22,STD
902442,Screw M6SH M6x20 8.8 FZB ,850208,0.02,52.00,Pcs,1.04,STD
902448,"Press. Sw. 5bar G1/4"", NO, DT04-2P",810505,61.80,16.00,Pcs,988.80,STD
902449,"Adapter L 1/4"" (x2) M - 1/4"" F",820207,4.82,3.00,Pcs,14.46,STD
902453,Nipple Grease M6x1 FZB 90 Deg,810606,0.65,27.00,Pcs,17.55,STD
902464,"O-ring 31,47x1,78 NBR for GEOfit",800502,0.03,2.00,Pcs,0.06,STD
902479,"O-ring 25x2, NBR70",800305,0.13,8.00,Pcs,1.04,STD
902480,Screw MC6S M16x80 8.8 FZB (FThred),850103,1.46,28.00,Pcs,40.88,STD
902496,"Adapter 1/4"" M - 1/4"" F, swivel",820207,1.07,11.00,Pcs,11.77,STD
902501,"O-ring 60,0x5 FPM80",840109,1.26,82.00,Pcs,103.32,STD
902503,O-ring ORF90050G 90x5 FPM70 svart,840302,2.40,16.00,Pcs,38.40,STD
902504,O-ring ORF110050 110x5 FPM75,840109,1.89,39.00,Pcs,73.71,STD
902505,O-ring ORF50050 50x5 HNBR70,810507,0.00,16.00,Pcs,0.00,STD
902506,"O-ring 55,0x5 HNBR70",800406,1.11,24.00,Pcs,26.64,STD
902507,"O-ring 45,0x5 HNBR70",810507,1.02,4.00,Pcs,4.08,STD
902507,"O-ring 45,0x5 HNBR70",QUARANTINE,1.02,2.00,Pcs,2.04,STD
902508,O-ring 130x5 FPM70,840109,8.80,4.00,Pcs,35.20,STD
902509,O-ring 8.73x1.78 Atos NG6,810605,0.13,52.00,Pcs,6.76,STD
902513,Bushing Slide 45x50x35,800602,4.02,2.00,Pcs,8.04,STD
902514,Screw MC6SPB M10 H12X40,850106,1.21,53.00,Pcs,64.13,STD
902516,Retaining ring SGA 30X2 BN 821,810604,0.30,101.00,Pcs,30.30,STD
902525,Rectifier diode 1N4001,810106,0.06,40.00,Pcs,2.40,STD
902527,O-ring kit X07,810505,15.14,3.00,Pcs,45.42,STD
902532,"Adapter 12L - 1/4"" M (X)",820104,0.96,4.00,Pcs,3.84,STD
902532,"Adapter 12L - 1/4"" M (X)",QUARANTINE,0.96,2.00,Pcs,1.92,STD
902543,Retainer JST WPZ 36 pol purple,810106,1.39,2.00,Pcs,2.78,STD
902548,Wedge Deutsch W12P,810106,0.22,7.00,Pcs,1.54,STD
902549,Wedge Deutch W12S,810203,0.21,8.00,Pcs,1.68,STD
902550,Connector Deutsch DT06-12SA,810203,4.77,4.00,Pcs,19.08,STD
902551,Connector Deutsch DT04-12PA,810106,3.11,5.00,Pcs,15.55,STD
902552,"Socket Relay 5pol Mini, Stackable",810205,1.31,9.00,Pcs,11.79,STD
902553,Relay 12V Relay 5-pin SPSD w diod,810205,4.97,4.00,Pcs,19.88,STD
902554,Retainer ring RS 6 DIN6799 ,810603,0.02,100.00,Pcs,2.00,STD
902559,Set screw P6SS M6x6 45H ,810603,0.02,280.00,Pcs,5.60,STD
902561,Screw MC6SPB M12 H16x55,850105,3.31,44.00,Pcs,145.64,STD
902562,Screw MC6S M10x70 12.9 Geomet,850106,0.48,18.00,Pcs,8.64,STD
902563,Screw MC6S M12x60H 12.9 Geomet,850105,1.27,55.00,Pcs,69.85,STD
902564,Screw MLC6S M16x35 8.8,850203,1.10,1.00,Pcs,1.10,STD
902566,Bushing Slide 60x65x45,800605,6.63,30.00,Pcs,198.90,STD
902567,Seal Simrit Wiper PU5 60x68x66x4,800406,1.81,13.00,Pcs,23.53,STD
902568,Washer SRB 21x37x3 FZB ,850101,0.09,85.00,Pcs,7.65,STD
902570,Washer BRB 25x45x4 HB 200 FZB,830201,0.25,66.00,Pcs,16.50,STD
902571,"O-ring 15x2, NBR70",810605,0.05,12.00,Pcs,0.60,STD
902572,Screw MLC6S M10X16 10.9 DIN 7984,850206,0.42,154.00,Pcs,64.68,STD
902573,Screw MC6SPB M8 H10x35 12.9,850107,0.99,85.00,Pcs,84.15,STD
902574,Screw MC6SPB M6 H8x45 12.9,850108,0.90,72.00,Pcs,64.80,STD
902575,Pin FRP 8x30 DIN1481,810604,0.09,119.00,Pcs,10.71,STD
902576,Screw MC6SPB M6 H8x55 12.9,850108,1.10,90.00,Pcs,99.00,STD
902577,O-ring 12x2 NBR70,810604,0.03,4.00,Pcs,0.12,STD
902578,Pin CP 3x10 m6,810603,0.13,29.00,Pcs,3.77,STD
902579,Bushing Spring E26x20x40-1,810604,6.12,10.00,Pcs,61.20,STD
902582,Washer Nordlock M27,850202,1.88,6.00,Pcs,11.28,STD
902583,Nut ML6M M27x2 FZB,850202,1.99,9.00,Pcs,17.91,STD
902585,Screw MC6S M16x40 12.9 Geomet,850203,1.03,6.00,Pcs,6.18,STD
902587,Adapter EVT 06L (XET06L) w. o-ring,820108,5.03,12.00,Pcs,60.36,STD
902595,"Adapter 11/16"" ORFS M-90D-11/16"" F",820308,2.98,12.00,Pcs,35.76,STD
902597,Connector Superseal 1.5 4-Way TAB,810201,1.20,2.00,Pcs,2.40,STD
902598,Connector Superseal 1.5 4-Way REC,810201,2.10,2.00,Pcs,4.20,STD
902614,"Adapter 1/2"" M - 12L M",820104,1.69,21.00,Pcs,35.49,STD
902617,Adapter L 12L M - 90D - 12L F,820307,6.06,11.00,Pcs,66.66,STD
902620,"Adapter 1/4"" M - 7/16"" JIC M",820405,6.40,3.00,Pcs,19.20,STD
902622,"Adapter L 7/16""(x2) JIC M-7/16"" F",820406,4.63,13.00,Pcs,60.19,STD
902625,Deutsch Secondary Lock Part W3S,810106,0.40,5.00,Pcs,2.00,STD
902626,Deutsch connector DT06-3S,810106,2.80,5.00,Pcs,14.00,STD
902631,"Adapter 1/4"" M- 90D- 1/4"" M swivel",820207,2.63,11.00,Pcs,28.93,STD
902634,Contact Superseal 1.5 TAB AWG16-20,810203,0.40,30.00,Pcs,12.00,STD
902636,"Adapter 11/16"" ORFS M- 3/8"" M ",820306,1.78,8.00,Pcs,14.24,STD
902637,Adapter 12L 90D EVW-O-12L,820105,7.30,24.00,Pcs,175.20,STD
902640,Adapter T 8L(x3) EVT med o-ring,820110,5.57,9.00,Pcs,50.13,STD
902642,"Adapter 1/2"" M - 15L M",820106,4.43,20.00,Pcs,88.60,STD
902643,"Fitting 3/8"" 90deg ORFS11/16"" inv",820302,8.70,88.00,Pcs,765.60,STD
902645,Nut KMM-08S/10L,820110,0.42,35.00,Pcs,14.70,STD
902646,"Cap G1/4""",820210,0.78,5.00,Pcs,3.90,STD
902648,"Cap G3/8""",820203,0.87,14.00,Pcs,12.18,STD
902650,"Adapter 8L - 3/8""",820106,1.22,25.00,Pcs,30.50,STD
902667,Econoseal Cap housing 2-pol,810201,1.94,4.00,Pcs,7.76,STD
902668,Econoseal Double lock plate 2-pol,810201,1.70,4.00,Pcs,6.80,STD
902672,Nut LM6M M4 FZB,850208,0.01,200.00,Pcs,2.00,STD
902674,"O-ring 18x2, NBR70",810602,0.06,29.00,Pcs,1.74,STD
902675,"O-ring 16x2, NBR70",810602,0.06,7.00,Pcs,0.42,STD
902679,Screw MF6S M6x16 10.9 FZB DIN7991,850108,0.04,18.00,Pcs,0.72,STD
902682,"OFEVW-08 Adapter 90Deg ORFS 13/16""-16",820308,2.85,6.00,Pcs,17.10,STD
902689,Washer RBS 17x28x2.5 FZB,810602,0.08,1.00,Pcs,0.08,STD
902689,Washer RBS 17x28x2.5 FZB,850202,0.08,5.00,Pcs,0.40,STD
902691,Retainer ring RS 8 DIN6799,810602,0.05,4.00,Pcs,0.20,STD
902707,"Seal kit GEOfit 1/2"" ",040204,5.06,7.00,Pcs,35.42,STD
902723,Adapter 15L - 90D - 15L,820105,4.69,18.00,Pcs,84.42,STD
902733,"Fitting straight 1/2""",820202,5.94,60.00,Pcs,356.40,STD
902735,"Fitting straight 1/4"", 9/16""-18 JIC",820402,5.28,30.00,Pcs,158.40,STD
902764,Tool extraction GEOfit pins,040204,167.58,2.00,Pcs,335.16,STD
902772,Econoseal Double Lockplate 10p hona,810201,1.90,4.00,Pcs,7.60,STD
902773,Econoseal Housing 10p female,810201,2.54,3.00,Pcs,7.62,STD
902780,Screw MC6S M4x12 8.8 FZB,810104,0.02,12.00,Pcs,0.24,STD
902791,"T-Adapter 10L F,10L Mx2, X-ET10L-4",820110,3.88,26.00,Pcs,100.88,STD
902795,Nut M6M 8 M8,850207,0.02,26.00,Pcs,0.52,STD
902818,Bushing Spring E24x18x30-1,810603,4.76,41.00,Pcs,195.16,STD
902838,Washer BRB M4 FZB,810104,0.01,12.00,Pcs,0.12,STD
902841,Fast in Fast on 8-pol Male,810106,5.20,2.00,Pcs,10.40,STD
902842,Crimp Fast-in Fast-on Male AWG18-20,810203,0.17,60.00,Pcs,10.20,STD
902850,Connector AMP Jr Timer 2pol fem low,810203,2.28,5.00,Pcs,11.40,STD
902852,Connector Deutsch DT06-2S-C015,810106,0.87,3.00,Pcs,2.61,STD
902854,Connector Deutsch DT06-4S-C015,810106,2.44,22.00,Pcs,53.68,STD
902863,Set screw SK6SS M4x12 untreated,810605,0.05,26.00,Pcs,1.30,STD
902872,"Adapter G3/4"" F - G1/2"" M Swivel",820207,2.93,29.00,Pcs,84.97,STD
902873,"Adapter 8L - 1/8""",820104,1.78,22.00,Pcs,39.16,STD
902877,Screw MC6S M12x35 Geomet,850205,0.33,16.00,Pcs,5.28,STD
902882,Molex Micro-Fit Pin AWG 20-24,810106,0.04,40.00,Pcs,1.60,STD
902885,Molex Micro-Fit 2x5p fem 43025-1000,810106,0.79,15.00,Pcs,11.85,STD
902887,Molex Micro-Fit 2x5p male43020-1000,810203,0.79,5.00,Pcs,3.95,STD
902899,"Washer TBRB FZB 6,4x12x3",810605,0.06,200.00,Pcs,12.00,STD
902908,"Adapter 13/16"" ORFS M-3/4"" UNF M",820309,1.27,8.00,Pcs,10.16,STD
902909,"Adapter13/16"" ORFS M-1.1/16"" UNF M",820309,2.01,32.00,Pcs,64.32,STD
902910,"Adapter 3/4"" M - 3/4"" UNF M",820205,3.13,14.00,Pcs,43.82,STD
902912,Pin FRP 4x12,810602,0.03,46.00,Pcs,1.38,STD
902916,Screw MC6S M5x14 8.8 FZB,850109,0.02,200.00,Pcs,4.00,STD
902919,Plug DIN 906 M8x1,810603,0.20,65.00,Pcs,13.00,STD
902928,"Washer PS 25/35x0,5 DIN988",810603,0.07,24.00,Pcs,1.68,STD
902932,Pin CPK 4X16 m6,810605,0.16,108.00,Pcs,17.28,STD
902933,Pin CPK 5X16 m6,810605,0.18,121.00,Pcs,21.78,STD
902937,"Adapter 3/8"" - bulkhead - 10L ",820109,4.07,11.00,Pcs,44.77,STD
902939,"Fitting 3/8"" hose 15L",820103,12.48,26.00,Pcs,324.48,STD
902944,Bushing Spring E22x17x30-1SP,810604,4.76,38.00,Pcs,180.88,STD
902961,Screw MC6S M6x12 8.8 FZB,850208,0.03,344.00,Pcs,10.32,STD
902976,Bushing Slide 75/80x70,800605,16.00,6.00,Pcs,96.00,STD
902979,Bushing Flange 45x50x45,800601,5.78,9.00,Pcs,52.02,STD
902980,Bearing Slide 76x116,800601,9.61,7.00,Pcs,67.27,STD
902983,"Fitting Straight F 1/4"", 7/16, JIC",820402,5.28,50.00,Pcs,264.00,STD
902986,"Seal Rotomatic M15 75x90,5x6,3 PTFE",810506,11.26,5.00,Pcs,56.30,STD
902989,Screw MC6S M8x25 12.9 Geomet,850207,0.19,69.00,Pcs,13.11,STD
902991,"Valve Relief M8x1, 2.5bar XTR2 - X32",810606,0.75,7.00,Pcs,5.25,STD
902992,Block CLS Cent Lubr X04/X06/X07,810607,335.00,1.00,Pcs,335.00,STD
902993,Adapter 90D CLS Cent Lubr X04-X32,810606,2.14,41.00,Pcs,87.74,STD
902994,Nipple Push-in CLS Cent LubrX04-X32,810606,2.58,66.00,Pcs,170.28,STD
902995,Adapter M8x1 CLS Cent Lubr X04-X32,810606,1.13,16.00,Pcs,18.08,STD
903000,O-ring 35x2 NBR70,810605,0.16,15.00,Pcs,2.40,STD
903001,O-ring 70x2 NBR70,810403,0.25,14.00,Pcs,3.50,STD
903008,"Fitting 3/8"" hose 12L 90D",820103,3.90,15.00,Pcs,58.50,STD
903010,Nipple Push-in CLS Cent LubrX07-X32,810606,2.83,21.00,Pcs,59.43,STD
903011,Nipple Push-in CLS Cent LubrX04/X06,810606,5.76,29.00,Pcs,167.04,STD
903013,Block CLS Cent Lubr X32,810505,328.89,1.00,Pcs,328.89,STD
903014,"Hose 8,6 mm HP Grease X12-X32 ",810607,2.98,26.00,M,77.48,STD
903015,Bulkhead CLS Cent Lubr X12-X32,810606,4.54,5.00,Pcs,22.70,STD
903016,Ferrule CLS Cent Lubr X12-X32,810606,3.78,2.00,Pcs,7.56,STD
903017,Fitting Str. CLS Cent Lubr,810606,4.19,9.00,Pcs,37.71,STD
903018,Fitting 45D CLS Cent Lubr X12-X32,810606,1.81,14.00,Pcs,25.34,STD
903019,Adapter M8x1 CLS Cent Lubr X04-X26,810606,2.90,11.00,Pcs,31.90,STD
903022,Hose 6mm Grease X04-X32 ,CABLE FACTORY,1.36,79.30,M,107.85,STD
903029,Coil Tecnord L-HC-12V,800402,18.54,1.00,Pcs,18.54,STD
903030,Coil Tecnord L-HC-24V,800402,45.11,3.00,Pcs,135.33,STD
903039,Screw M6SH M12x25 10.9 geomet,850205,0.15,39.00,Pcs,5.85,STD
903081,HECR II/2 Roller Flat Top (Thumb),810205,63.07,4.00,Pcs,252.28,STD
903082,HECR II/2 Roller Round Top,810205,63.07,5.00,Pcs,315.35,STD
903091,Molex Micro-Fit Socket AWG 20-24,810203,0.09,30.00,Pcs,2.70,STD
903141,L8 Joystick Below Support Liebherr,810202,12.99,4.00,Pcs,51.96,STD
903142,"Fitting, UNF 7/16-20 (JIC)",820402,3.90,45.00,Pcs,175.50,STD
903159,Washer Nordlock M22,850202,1.34,2.00,Pcs,2.68,STD
903184,"Nut FM6M M20X1,5",830201,0.32,10.00,Pcs,3.20,STD
903185,Molex MICRO-FIT 8P (Fem) 43025-0800,810106,1.50,9.00,Pcs,13.50,STD
903186,Molex MICRO-FIT 8P Male 43020-0801,810106,1.50,5.00,Pcs,7.50,STD
903252,"O-ring 25,07*2,62 NBR 90",800305,0.11,30.00,Pcs,3.30,STD
903253,"O-ring 32,99x2,62 NBR90",800305,0.06,26.00,Pcs,1.56,STD
903263,"Quick Coupling Male UNF 3/4""",800608,11.36,2.00,Pcs,22.72,STD
903265,"Adapter 1/2"" - 3/4"" UNF ",820205,1.18,8.00,Pcs,9.44,STD
903267,Adapter 10L F- 1/4 M ,820107,1.99,34.00,Pcs,67.66,STD
903283,"O-ring 13,3x2,4 NBR90",800305,0.25,11.00,Pcs,2.75,STD
903284,"O-ring 19,3x2,2 NBR90",800305,0.63,49.00,Pcs,30.87,STD
903330,"Adapter 13/16"" ORFS F-45D-13/16"" M",820308,4.07,41.00,Pcs,166.87,STD
903385,"Adapter 1/2"" BSP M-F",820208,1.25,32.00,Pcs,40.00,STD
903416,L8 Switch with toggle function,810205,20.18,1.00,Pcs,20.18,STD
903550,"Joystick, Adapter L8 Sensata Assy",810208,63.70,7.00,Pcs,445.90,STD
903551,"Bracket, ILME 8P Magnet",810204,27.12,10.00,Pcs,271.20,STD
903578,"Adapter WEO 3/4"" F - 3/4"" M BSP ",050201,34.31,22.00,Pcs,754.82,STD
903851,"Masking plug plastic 14,5 black",810605,0.21,50.00,Pcs,10.50,STD
903852,Retainer ring SGA 75x4,810604,1.84,6.00,Pcs,11.04,STD
903853,Screw MC6S M16x60 12.9 Holokrome Geomet,830201,1.76,66.00,Pcs,116.16,STD
903853,Screw MC6S M16x60 12.9 Holokrome Geomet,850103,1.76,77.00,Pcs,135.52,STD
903854,Screw MC6S M16x70 12.9 Holokrome Geomet,850103,1.98,67.00,Pcs,132.66,STD
903855,Screw MC6s M16x80 12.9 Holokrome Geomet,850203,2.20,35.00,Pcs,77.00,STD
903856,Screw MC6S M16x120 12.9 Holokrome Geomet,850103,3.72,29.00,Pcs,107.88,STD
903857,Screw MC6S M18x120 12.9 Holokrome Geomet,850102,4.08,75.00,Pcs,306.00,STD
903858,Screw MC6S M18x130 12.9 Holokrome Geomet,830201,4.22,14.00,Pcs,59.08,STD
903858,Screw MC6S M18x130 12.9 Holokrome Geomet,040401,4.22,59.00,Pcs,248.98,STD
903859,Screw MC6S M18x150 12.9 Holokrome Geomet,850201,4.86,50.00,Pcs,243.00,STD
903859,Screw MC6S M18x150 12.9 Holokrome Geomet,830201,4.86,53.00,Pcs,257.58,STD
903861,Screw MC6S M6x14 DIN 912 8.8 FZB,850108,0.04,298.00,Pcs,11.92,STD
903867,Set screw SK6SS M12x12 A4,810603,0.47,104.00,Pcs,48.88,STD
903868,"Valve Relief G1/8"", 1-5 PSI X32",810605,15.80,4.00,Pcs,63.20,STD
903875,Screw MC6S M12x25 12.9 Geomet,850205,0.29,16.00,Pcs,4.64,STD
903885,"Adapter 10L - 3/8"" (GE10LR 38ED)",820106,1.32,39.00,Pcs,51.48,STD
903885,"Adapter 10L - 3/8"" (GE10LR 38ED)",QUARANTINE,1.32,2.00,Pcs,2.64,STD
903887,Screw MC6S M8x40 8.8 FZB,850107,0.11,20.00,Pcs,2.20,STD
903889,"Masking plug plastic 24,6 black",810605,0.27,28.00,Pcs,7.56,STD
903890,"Masking plug plastic 22,4 black",810605,0.25,3.00,Pcs,0.75,STD
903895,"Adapter 9/16"" ORFS M - 1/8"" M",820306,1.61,10.00,Pcs,16.10,STD
903900,Cable conduit Lightflex 12S,CABLE FACTORY ,0.78,94.00,M,73.32,STD
903962,Adapter L DIN 8L (XEVL-8L),820110,3.85,19.00,Pcs,73.15,STD
903966,Adapter Plate LS (SD ORB OSPC+OLSA),820409,29.23,1.00,Pcs,29.23,STD
903998,"Screw MLC6S M10x25 10,9 Geomet",850106,0.50,14.00,Pcs,7.00,STD
904002,Screw MC6S 6X35 12.9 GEOMET DIN 912,850108,0.14,16.00,Pcs,2.24,STD
904013,"Nipple in CLS-block, X12-X32",810606,6.17,13.00,Pcs,80.21,STD
904014,"Nipple in CLS-block, X04-X07",810606,5.60,10.00,Pcs,56.00,STD
904024,"Adapter 7/8""-14UNF-13/16"" ORFS M",820309,7.80,17.00,Pcs,132.60,STD
904027,"Adapter 3/8"" F - 10L F XGAI 10LR-38",820107,6.71,8.00,Pcs,53.68,STD
904029,Screw MC6S M16x90 12.9 Holokrome Geomet,850103,2.34,70.00,Pcs,163.80,STD
904030,Screw MC6S M6x40 8.8 FZB,850108,0.04,81.00,Pcs,3.24,STD
904053,Nut ML6M M20 4 FZB,850202,0.19,22.00,Pcs,4.18,STD
904079,Screw MC6S M16x110 12.9 Holokrome Geomet,850102,2.84,16.00,Pcs,45.44,STD
904096,Motor Hydraulic Screening Bucket,040102,907.94,1.00,Pcs,907.94,STD
904100,End Bearing 10-35 Screening Bucket,050201,33.14,1.00,Pcs,33.14,STD
904104,Cam Wheel 15-25 Screening Bucket,050201,506.61,2.00,Pcs,"1,013.22",STD
904120,Weld On safety Hook PEJO C210,050201,90.44,1.00,Pcs,90.44,STD
904126,Valve Check Pilot SPC6-S08-0P 5bar,800404,25.23,1.00,Pcs,25.23,STD
904155,"Blind plug M20x1,5 w O-ring",800206,0.88,10.00,Pcs,8.80,STD
904156,Piston sealing kit,810407,21.51,4.00,Pcs,86.04,STD
904159,Gland Sealing kit,810405,14.00,4.00,Pcs,56.00,STD
904182,"O-ring 23,47x2,62 NBR90",800305,0.23,15.00,Pcs,3.45,STD
904199,O-ring 24x4 NBR70,800305,0.16,8.00,Pcs,1.28,STD
904200,O-ring 34x5 NBR70,800305,0.20,10.00,Pcs,2.00,STD
904201,O-ring 40x5 NBR70,800305,0.21,14.00,Pcs,2.94,STD
904213,"Coil COEK-12DC (4,8)",800401,61.41,2.00,Pcs,122.82,STD
904247,O-ring 40x2 NBR70,800305,0.06,9.00,Pcs,0.54,STD
904249,"O-ring 17,46x2,62 NBR90",810403,0.16,2.00,Pcs,0.32,STD
904254,O-ring 50x2 NBR70,800305,0.32,7.00,Pcs,2.24,STD
904260,Gland Sealing Kit D50 d30,050201,28.00,2.00,Pcs,56.00,STD
904262,Piston seal Kit D50 SQ,050201,41.37,2.00,Pcs,82.74,STD
904265,Nipple 90 Deg WE06LLKM,810606,1.85,7.00,Pcs,12.95,STD
904267,Screw M6S M16x80 10.9 FZB,850103,0.79,39.00,Pcs,30.81,STD
904269,"Adapter, WE20SR (90 deg 3/4"" - 20S)",820101,15.89,2.00,Pcs,31.78,STD
904273,Screw M6SH M20x40 10.9 FZB,850101,2.51,30.00,Pcs,75.30,STD
904279,Screw M6S M24x100 10.9 FZB,830201,3.76,23.00,Pcs,86.48,STD
904280,Bushing Spring E32X25 L=30,810604,11.88,10.00,Pcs,118.80,STD
904282,Bushing Wrapped Bronze 30x34x30,800602,3.58,9.00,Pcs,32.22,STD
904284,Bushing Wrapped Bronze 30x34x45,800604,8.56,4.00,Pcs,34.24,STD
904290,MTG Rubber HC 40,********,110.22,4.00,Pcs,440.88,STD
904291,O-ring 34x2 NBR70,800305,0.06,9.00,Pcs,0.54,STD
904292,"O-ring 179,3x5,7 NBR (G180) HC40",810407,6.31,3.00,Pcs,18.93,STD
904298,O-ring HC40 (1BG90),810602,1.89,1.00,Pcs,1.89,STD
904301,Screw M6S M24x90 10.9 FZB,850102,2.64,20.00,Pcs,52.80,STD
904305,O-ring HC60/HC90 (G115),810407,3.15,2.00,Pcs,6.30,STD
904317,O-ring 24x5 NBR70,810305,0.16,4.00,Pcs,0.64,STD
904318,MTG Rubber HC 20,KIT SHELF 010106,87.97,4.00,Pcs,351.88,STD
904319,O-ring 19x2 NBR90,800305,0.09,26.00,Pcs,2.34,STD
904323,Washer BRB 13x24x2 HB 200 FZB,850204,0.03,18.00,Pcs,0.54,STD
904324,Screw MC6S M10x65 12.9 Geomet,850106,0.55,27.00,Pcs,14.85,STD
904325,Screw MC6S M14x65 DIN 912 8.8 FZB ,850204,0.64,20.00,Pcs,12.80,STD
904330,Bearing NTN CM-UCF210D1,KIT SHELF 010106,68.36,2.00,Pcs,136.72,STD
904331,Bearing SNR-NTN UCF208CC,050301,48.88,6.00,Pcs,293.28,STD
904335,Washer Nordlock M14 SP,850204,0.98,7.00,Pcs,6.86,STD
904336,Screw MLC6S M16x60 8.8 FZB,850203,1.30,13.00,Pcs,16.90,STD
904342,"Adapter, XEW30S o-ring sealed",820102,18.06,1.00,Pcs,18.06,STD
904344,"O-ring 15,1x1,6 NBR90",800304,0.13,22.00,Pcs,2.86,STD
904350,Valve SDHZE-A-071-L9-XK12DC NG6,800606,303.43,2.00,Pcs,606.86,STD
904351,Valve SDHZE-A-073-L9-XK12DC NG6,800403,268.38,2.00,Pcs,536.76,STD
904353,Screw MF6S 8X16 10.9 DIN7991 GEOMET,850207,0.15,26.00,Pcs,3.90,STD
904364,"O-ring 1"" 6000 psi ",800506,0.08,6.00,Pcs,0.48,STD
904365,"Adapter ORFS 9/16"" 45D Male-Female",820308,2.79,14.00,Pcs,39.06,STD
904388,Adapter 1/2'' 18L XGE18LRED,820106,1.30,1.00,Pcs,1.30,STD
904393,Adapter 18L-18L 90 XEW18L,820105,5.40,2.00,Pcs,10.80,STD
904394,Adapter 20S-20S 90 XEW20S,820105,7.92,10.00,Pcs,79.20,STD
904396,"Plug VSTI G1/2"" ED",820201,1.00,28.00,Pcs,28.00,STD
904397,"Plug VSTI G3/4"" ED",820201,1.55,11.00,Pcs,17.05,STD
904404,Screw MC6S M16x95 12.9 FZB,850103,3.39,6.00,Pcs,20.34,STD
904409,"Adapter XGE25SR 3/4""-ED",820105,9.30,5.00,Pcs,46.50,STD
904414,Retainer ring SGA 50X3 DIN471,810603,1.04,26.00,Pcs,27.04,STD
904430,"Spring Dy14 L086,2 Ln111",810308,4.49,5.00,Pcs,22.45,STD
904431,Retainer ring SGH50,810603,0.36,14.00,Pcs,5.04,STD
904432,Bushing Slide 20x22x20 XSM-2022-20,810403,2.00,1.00,Pcs,2.00,STD
904435,Pin FRP 8x45,810403,0.15,100.00,Pcs,15.00,STD
904436,Screw MC6S M8x50 8.8 FZB,850107,0.09,40.00,Pcs,3.60,STD
904443,Screw MC6S M6x30 8.8 FZB,850108,0.04,46.00,Pcs,1.84,STD
904447,Adapter 1'' 90Deg stb m-m,820207,8.71,13.00,Pcs,113.23,STD
904448,"Adapter reducer G1""stb - G3/4"" F-M",820207,4.43,27.00,Pcs,119.61,STD
904449,"Adapter G3/4"" M-M",820208,1.73,15.00,Pcs,25.95,STD
904450,"Adapter G3/4"" M-F 45deg",820209,4.83,15.00,Pcs,72.45,STD
904465,"Adapter 1"" ORFS - 1"" ORFS F 90D",820308,9.89,2.00,Pcs,19.78,STD
904467,Screw M6S M27x70 8.8 FZB,830201,4.42,20.00,Pcs,88.40,STD
904474,Washer Nordlock M30,850202,2.76,24.00,Pcs,66.24,STD
904516,Motor HC60/HC90,040102,"1,212.17",1.00,Pcs,"1,212.17",STD
904521,Adapter M10x1 CLS Cent Lubr X04-X32,810606,2.47,19.00,Pcs,46.93,STD
904530,Nut M06L,810606,0.25,10.00,Pcs,2.50,STD
904531,Cutting ring DPR 06L,810606,0.14,10.00,Pcs,1.40,STD
904532,"Adapter Reducer BSP 1/2""M - 1/4""F ",820207,1.38,14.00,Pcs,19.32,STD
904533,Adapter 90D M/F EVW 06L,820101,3.65,10.00,Pcs,36.50,STD
904539,Adapter Reducer 10L F - 6L M ,820107,2.83,13.00,Pcs,36.79,STD
904540,Adapter Reducer 15L F - 6L M ,820107,4.45,4.00,Pcs,17.80,STD
904541,Adapter Reducer 20S F - 6S M ,820108,15.75,10.00,Pcs,157.50,STD
904542,"Adapter 11/16"" ORFS F-45D-11/16"" M",820308,3.97,23.00,Pcs,91.31,STD
904543,Adapter CLS 90D M10x1,810606,1.80,17.00,Pcs,30.60,STD
904546,Motor HC20,040102,607.22,1.00,Pcs,607.22,STD
904547,Air breather set HC20/40/60/90,810605,7.73,2.00,Pcs,15.46,STD
904548,Motor HC40,040102,"3,071.77",1.00,Pcs,"3,071.77",STD
904549,Valve SD2E-A3/H2D21 (3:2),800506,51.14,1.00,Pcs,51.14,STD
904550,"Coil C19B 24V DT (25,75)",800404,16.71,5.00,Pcs,83.55,STD
904551,Valve SD2E-A4/H2R21-A (4:2),800506,60.13,2.00,Pcs,120.26,STD
904558,Masking plug plastic 26 black,810605,0.45,20.00,Pcs,9.00,STD
904572,Screw M6SH M24x70 10.9 FZB,830201,2.86,30.00,Pcs,85.80,STD
904573,Screw M6S M24x120 10.9 OBH,850101,2.37,60.00,Pcs,142.20,STD
904589,Seal kit 1CE30/1CEB30/1CER30,810602,26.56,2.00,Pcs,53.12,STD
904590,Coil COEK-24DC,800403,39.42,2.00,Pcs,78.84,STD
904592,MTG Rubber HC90,050201,145.52,3.00,Pcs,436.56,STD
904599,"Adapter bulkhead 3/4"" - 18L",820109,10.66,6.00,Pcs,63.96,STD
904601,Adapter 3/4'' 90Deg stb m-m,820207,5.66,2.00,Pcs,11.32,STD
904603,"Grease Nipple G1/4"" FZB Straight",810606,0.55,61.00,Pcs,33.55,STD
904613,O-ring 130x10 FPM70,840109,15.14,12.00,Pcs,181.68,STD
904627,Adapter Reducer 15L F - 12L M ,820107,3.08,5.00,Pcs,15.40,STD
904629,Nut M18L,820101,0.64,21.00,Pcs,13.44,STD
904630,Plug PL18L,820101,0.81,23.00,Pcs,18.63,STD
904631,Bulkhead fitting 18L,820109,4.91,10.00,Pcs,49.10,STD
904636,Screw M6S M10x40 8.8 FZB,850206,0.15,182.00,Pcs,27.30,STD
904637,Washer SRB M10 (11x22x2) 8.8 FZB,850206,0.03,14.00,Pcs,0.42,STD
904667,"O-ring 3/4"" 6000 psi ",800506,0.19,8.00,Pcs,1.52,STD
904669,"Adapter 11/16"" ORFS F - 1/4"" M",820306,3.54,4.00,Pcs,14.16,STD
904671,"Adapter 11/16"" ORFS M - 3/4"" UNF M",820309,5.70,31.00,Pcs,176.70,STD
904673,Adapter BSP stb 1/2-13/16 ORFS 90d,820305,3.80,34.00,Pcs,129.20,STD
904674,"Coil C19B 12V DT (6,0)",800403,14.13,3.00,Pcs,42.39,STD
904675,"Coil C14B 24V DT (26,2)",800403,14.57,1.00,Pcs,14.57,STD
904682,O-ring 6.07x1.78 NBR90,810602,0.13,18.00,Pcs,2.34,STD
904701,Fitting XSWVE-12 LR,820101,9.84,4.00,Pcs,39.36,STD
904721,O-ring ,810602,0.79,2.00,Pcs,1.58,STD
904807,Nut for coil NG6 SDHZE + O-ring,800606,2.68,3.00,Pcs,8.04,STD
904809,Adapter Red Kor Din 15L/8L,820107,2.66,6.00,Pcs,15.96,STD
904815,Adapter 8L-8L .90 deg EVW 08L,820105,3.46,17.00,Pcs,58.82,STD
904834,Adapter 8L XWEE08LR,820105,6.62,22.00,Pcs,145.64,STD
904880,Coil SP-COZEK-12DC,800606,92.93,2.00,Pcs,185.86,STD
905004,Screw M6S M16x70 10.9 FZB,850103,0.63,8.00,Pcs,5.04,STD
905017,Safety valve SB20-25,050301,160.44,1.00,Pcs,160.44,STD
905018,Flow Controller SB20-25,050301,116.41,1.00,Pcs,116.41,STD
905027,Screw MC6S M10x30 8.8 FZB,850206,0.09,12.00,Pcs,1.08,STD
905032,Screw M6S M12x45 8.8 FZB,850205,0.17,33.00,Pcs,5.61,STD
905034,Washer Nordlock M36,850202,3.99,28.00,Pcs,111.72,STD
905042,Screw MC6S M8x18 8.8 FZB,850204,0.17,12.00,Pcs,2.04,STD
905047,"Check Valve, RB1 1/4"" BSP",810604,17.67,2.00,Pcs,35.34,STD
905051,Tooth CAT J200,040302,6.93,6.00,Pcs,41.58,STD
905052,Tooth Adapter CAT J250,040302,26.93,2.00,Pcs,53.86,STD
905053,Tooth CAT J250,040302,13.91,5.00,Pcs,69.55,STD
905055,Tooth CAT J300,040302,20.31,9.00,Pcs,182.79,STD
905057,Tooth CAT J350,040302,38.38,3.00,Pcs,115.14,STD
905059,Tooth CAT J400,040302,55.84,5.00,Pcs,279.20,STD
905061,Tooth CAT J450/460,040302,58.66,5.00,Pcs,293.30,STD
905068,Piston Seal Kit D35,810407,18.67,5.00,Pcs,93.35,STD
905071,Bushing Slide D20 d16 L15 XSM1618-15,800406,1.19,5.00,Pcs,5.95,STD
905073,Retaining ring SGH32 DIN472,810603,0.14,60.00,Pcs,8.40,STD
905074,Screw MC6S-H M6x35 8.8 FZB,850108,0.14,64.00,Pcs,8.96,STD
905076,Steel ball SKF RB-13/W40G,800405,1.24,1.00,Pcs,1.24,STD
905080,Spring CS 2x10x27,800405,0.88,1.00,Pcs,0.88,STD
905081,Pin FRP 6x35 OBH,800403,0.08,10.00,Pcs,0.80,STD
905086,"Tool, Seal and o-ring remover",800507,13.30,1.00,Pcs,13.30,STD
905089,O-ring 395x9 NBR70,810601,15.51,2.00,Pcs,31.02,STD
905090,O-ring 325x9 NBR70,810601,8.83,2.00,Pcs,17.66,STD
905091,Valve SDHE-0611/A-XK24DC (NG6 4:2),800403,140.69,1.00,Pcs,140.69,STD
905096,"O-ring 12,42x1,78 NBR 90 ",810602,0.19,14.00,Pcs,2.66,STD
905097,"O-ring 9,25x1,78 NBR 90",810605,0.16,22.00,Pcs,3.52,STD
905099,Valve SDHE-0611-XK12DC (NG6 4:2),800403,79.16,1.00,Pcs,79.16,STD
905100,"Adapter 1/2"" BSP M-F 90d",820209,3.37,45.00,Pcs,151.65,STD
905101,"Adapter 20S-G3/4"" ED",820110,2.15,3.00,Pcs,6.45,STD
905113,"Coil C14B 12V DT (6,55)",800402,22.74,4.00,Pcs,90.96,STD
905114,Valve SD2E-A3/L2D21-A,800404,44.76,4.00,Pcs,179.04,STD
905123,"Conical plug DIN906 1/4""",820201,0.33,14.00,Pcs,4.62,STD
905123,"Conical plug DIN906 1/4""",810605,0.33,10.00,Pcs,3.30,STD
905136,Bushing Slide 25x28x20 XSM-2528-20,800405,3.33,33.00,Pcs,109.89,STD
905143,Pin FRP 8X55 DIN148 untreated,800405,0.19,35.00,Pcs,6.65,STD
905144,Screw MC6S M8X80H DIN912 ISO4762FZB,850107,0.37,29.00,Pcs,10.73,STD
905162,Tredo washer M12,800608,0.12,2.00,Pcs,0.24,STD
905241,Spring Dm20 Dt4 L072 Ln47,810503,7.69,6.00,Pcs,46.14,STD
905242,Steel ball D=25.4 mm,800405,2.60,4.00,Pcs,10.40,STD
905252,"O-ring 38,6x2,9 NBR90",800305,0.38,7.00,Pcs,2.66,STD
905257,Adapter BSP stb 3/4-13/16 ORFS 90d,820305,6.45,52.00,Pcs,335.40,STD
905259,"Cap G3/4"" (939-12)",820201,2.35,12.00,Pcs,28.20,STD
905260,"Washer BRB 8,4x16x1,6 FZB",********,0.01,8.00,Pcs,0.08,STD
905261,Screw MC6SPB M6 H8x40 12.9,850108,1.55,20.00,Pcs,31.00,STD
905262,Screw MVBF 10x25 8.8,030101,0.18,21.00,Pcs,3.78,STD
905262,Screw MVBF 10x25 8.8,850106,0.18,29.00,Pcs,5.22,STD
905263,"Spring Dm6,2 Dt1,0 L035 Ln21",810504,0.63,2.00,Pcs,1.26,STD
905264,"Plug G1/8"" DIN 906",820201,0.35,4.00,Pcs,1.40,STD
905265,Washer TBRB 13x24x4 FZB SS 1466,810504,0.15,200.00,Pcs,30.00,STD
905266,Screw MC6S M10x25 8.8 FZB,850106,0.15,126.00,Pcs,18.90,STD
905269,"Plug G3/8"" DIN 906",820204,0.72,6.00,Pcs,4.32,STD
905271,"O-ring 37,82x1,78 NBR70",810602,0.16,1.00,Pcs,0.16,STD
905276,Screw MC6S M8x30 12.9 Geom. Dri-Loc,850207,0.66,32.00,Pcs,21.12,STD
905278,Retaining ring SGA 12 DIN471,810602,0.04,6.00,Pcs,0.24,STD
905290,"Adapter 3/8"" F-1/2"" M ED",820206,2.03,12.00,Pcs,24.36,STD
905294,"Adapter WEO Swivel 1/2"" - G1/2"" M",050301,32.47,19.00,Pcs,616.93,STD
905296,Retainer Ring SGH62,810602,0.25,2.00,Pcs,0.50,STD
905400,Fitting 90d 6L CLS Cent Lubr,810606,2.45,17.00,Pcs,41.65,STD
905402,Nut ML6M M30x2 FZB,850202,2.72,13.00,Pcs,35.36,STD
905403,Retainer SGH40 DIN 472,810601,0.29,14.00,Pcs,4.06,STD
905405,Roll Pin 6x16 A2 Din 1481,810404,0.21,96.00,Pcs,20.16,STD
905408,Screw M6S M6x35H 8.8 FZB,850108,0.05,40.00,Pcs,2.00,STD
905409,Screw M6S M10x35 12.9 FZB,ASSEMBLY,2.40,4.00,Pcs,9.60,STD
905412,O-ring 27x4 NBR 70,800305,0.06,32.00,Pcs,1.92,STD
905413,Screw MC6SH M8x40 8.8 FZB DIN 912,850107,6.00,2.00,Pcs,12.00,STD
905414,Nut ML6M-04 M36x2 FZB,850202,3.79,25.00,Pcs,94.75,STD
905415,Screw M6S M8x120 8.8 FZB,850107,0.28,3.00,Pcs,0.84,STD
905424,"O-ring 56,87x1,78 NBR 70",800502,0.25,2.00,Pcs,0.50,STD
905433,"Slide Bearing 50/55X25, cat 1",810502,1.50,2.00,Pcs,3.00,STD
905435,Slide Bearing 30/34X20 WB700,800502,1.75,2.00,Pcs,3.50,STD
905437,Spherical Plain Bearing GE 25 UK 2RS,810602,4.29,2.00,Pcs,8.58,STD
905439,"Banjo bolt double 1/4""",820407,2.26,4.00,Pcs,9.04,STD
905441,Valve PRM2-043Z11/12-12E12A (prop),800402,160.59,1.00,Pcs,160.59,STD
905451,Screw MFT M10x25 8.8 FZB Torx,850106,1.90,11.00,Pcs,20.90,STD
905452,Washer Nordlock NL22SP,850202,2.55,2.00,Pcs,5.10,STD
905453,"Nut ML6M M22x1,5",850202,1.77,9.00,Pcs,15.93,STD
905456,V-ring VA 30 NBR,810602,0.48,2.00,Pcs,0.96,STD
905459,Screw M6S M8x16 12.9 Geom. Dri-Loc,850207,0.57,19.00,Pcs,10.83,STD
905460,Screw M6S M10x20 12.9 Geom. Dri-Loc,850206,2.77,18.00,Pcs,49.86,STD
905470,Washer Nordlock M30 SP,850202,4.16,40.00,Pcs,166.40,STD
905486,"Female plug 1/2""",820210,1.66,16.00,Pcs,26.56,STD
905493,Set screw SK6SS M6x12 45H DIN 916,810605,0.05,2.00,Pcs,0.10,STD
905505,Adapter L DIN 12L EVL-O 12L,820108,2.00,20.00,Pcs,40.00,STD
905506,Adapter L DIN 15L EVL-O 15L,820108,1.00,3.00,Pcs,3.00,STD
905507,"Adapter EVGE 18LR 1/2""",820110,6.75,1.00,Pcs,6.75,STD
905517,"Adapter, Banjo Bolt M8x1",820206,0.72,42.00,Pcs,30.24,STD
905518,Tredo washer M8,820209,0.11,40.00,Pcs,4.40,STD
905536,"Bushing slide 40/44x30, cat 1",050301,0.67,15.00,Pcs,10.05,STD
905537,"Wiper Seal PAK 40x50x4,5-L",050301,1.44,15.00,Pcs,21.60,STD
905538,Wiper Seal PAK 80x90x7-L,050301,2.73,30.00,Pcs,81.90,STD
905552,"Washer bearing 1,5x22x38, cat 1",050301,0.43,27.00,Pcs,11.61,STD
905589,Breather valve KMV-14,820406,3.24,3.00,Pcs,9.72,STD
905591,Comp. mount 160x100 60 Sh HCX12/HCX14/HCX20/HCX26,050201,61.23,4.00,Pcs,244.92,STD
905605,Motor hydr 200cc,040102,82.48,1.00,Pcs,82.48,STD
905607,O-ring 50x5 HNBR60 Black,810608,1.03,11.00,Pcs,11.33,STD
905616,"Cable Gland HSK-M M12x1,5 ",ASSEMBLY,2.78,1.00,Pcs,2.78,STD
905629,Rubber Damper 63x50 M10 90Sh HCX12/HCX14/HCX20/H26,050201,7.35,4.00,Pcs,29.40,STD
905630,"O-Ring 12x3,0 FPM 75",800305,0.33,10.00,Pcs,3.30,STD
905631,"O-Ring 22x3,0 FPM 75 Svart",800305,0.34,13.00,Pcs,4.42,STD
905632,"O-Ring 28,5x3,0 FPM 75",800305,0.59,12.00,Pcs,7.08,STD
905633,"O-Ring 36x3,0 FPM 75",800305,0.54,25.00,Pcs,13.50,STD
905639,Compactor mount 110x61 60 Shore HCX6/HCX8,050201,22.91,4.00,Pcs,91.64,STD
905640,"Rubber Damper 50x40, M10, 90 Sh HCX6/HCX8",050201,3.49,4.00,Pcs,13.96,STD
905676,"Circlip SGA 22x1,75 DIN 471 AS",810603,0.09,4.00,Pcs,0.36,STD
905716,Lubrication unit OptiLube BT,050201,100.36,4.00,Pcs,401.44,STD
905753,Screw MC6S M10x35 12.9 Geomet,850106,0.51,48.00,Pcs,24.48,STD
905754,Hose clamp 68-85/12 FZB,050201,1.26,2.00,Pcs,2.52,STD
905757,Spring Dy32 L0152 -5159,810508,10.72,6.00,Pcs,64.32,STD
905767,"Battery Pack 4,5V OptiLube",050201,4.66,4.00,Pcs,18.64,STD
905773,"Rotary seal R10 37,5x45x3,2 PUR",810506,4.29,4.00,Pcs,17.16,STD
905774,"O-ring 6,1x1,6 NBR 90",810604,0.08,48.00,Pcs,3.84,STD
905779,Screw MFT M10x25 10.9 Geomet Torx,850106,0.32,69.00,Pcs,22.08,STD
905808,Screw MC6S M6x20 12.9 Geom. Dri-loc,850208,0.59,75.00,Pcs,44.25,STD
905854,"Nut ML6M M30x1,5",********,2.13,10.00,Pcs,21.30,STD
905866,Slide Bushing 50x55x60,050103,15.93,5.00,Pcs,79.65,STD
905876,Screw MLCTS M8x16 8.8 FZB,ASSEMBLY,0.18,1.00,Pcs,0.18,STD
905884,Washer TBRSB 13x36x6 FZB,850205,0.47,132.00,Pcs,62.04,STD
905885,Screw M6S M12x60 8.8 FZB,850204,0.33,100.00,Pcs,33.00,STD
905897,Adapter XWEE-06-LR,820105,6.63,11.00,Pcs,72.93,STD
905908,"Screw M14x1,5x90 12.9 Geomet HoloKrome",ASSEMBLY,7.95,20.00,Pcs,159.00,STD
905951,"Plug Male WEO Plug-In 1/4""",050203,5.30,2.00,Pcs,10.60,STD
905955,O-ring 201x3 NBR70,ASSEMBLY,1.24,1.00,Pcs,1.24,STD
905956,Set Screw P6SS M8x12 45H,ASSEMBLY,0.08,4.00,Pcs,0.32,STD
905985,"O-Ring 101,27x2,67 NBR70",ASSEMBLY,0.41,2.00,Pcs,0.82,STD
905986,Adapter XEW-10 L,QUARANTINE,2.95,2.00,Pcs,5.90,STD
906001,"Adapter G1/8"" UF x R 1/8"" UF 90T",********,13.34,8.00,Pcs,106.72,STD
906064,"Adapter UNF 1-1/16"" 12 SAE - G3/4"" M-M",820205,4.11,13.00,Pcs,53.43,STD
906065,"Adapter UNF 1-5/16 12 SAE - G3/4"" M-M",820205,6.21,16.00,Pcs,99.36,STD
906066,"Adapter UNF 1-5/8 12 SAE - G3/4"" M-M",820205,18.28,14.00,Pcs,255.92,STD
906070,"Adapter G3/4"" F- G1/2""ED M ",820210,5.23,18.00,Pcs,94.14,STD
909091,Relief valve IRA6.M20.0.AG.210X,800404,27.24,3.00,Pcs,81.72,STD
909094,Screw MC6S 8X65 12.9 GEOMET DIN912,850107,0.53,23.00,Pcs,12.19,STD
909103,Screw MC6SPB M6 H8x16,850108,0.77,50.00,Pcs,38.50,STD
909675,Valve OverCenter 1CE30 210 bar1:10,810506,119.61,2.00,Pcs,239.22,STD
910145SP,Gland Seal Kit D55 d30,800507,15.68,2.00,Pcs,31.36,STD
910151SP,Piston Seal Kit D55,800507,12.61,2.00,Pcs,25.22,STD
910162,"Adapter 3/4"" 18L XGE18LR34ED",820103,3.29,15.00,Pcs,49.35,STD
910174,Pin FRP 6x40 untreated,810602,0.09,53.00,Pcs,4.77,STD
910175,Screw MC6S M8x14 12.9 Geomet Dri-Loc,850207,0.20,79.00,Pcs,15.80,STD
911191,"Quick Coupling F Flat face 1/4"" ",800607,14.81,14.00,Pcs,207.34,STD
911192,"Quick Coupling M Flat face 1/4"" F",800607,7.87,25.00,Pcs,196.75,STD
911193,"Quick Coupling F Flat face 3/8"" ",800607,16.41,5.00,Pcs,82.05,STD
911194,"Quick Coupling M Flat face 3/8"" ",800607,11.47,5.00,Pcs,57.35,STD
911195,"Dust cap for F Flat face 1/4"" Orange",800607,1.37,10.00,Pcs,13.70,STD
911196,"Dust cap for M Flat face 1/4"" Orange",800607,1.37,4.00,Pcs,5.48,STD
911197,"Dust cap for F Flat face 3/8""",800607,1.37,5.00,Pcs,6.85,STD
911198,"Dust cap for M Flat face 3/8""",800607,1.37,6.00,Pcs,8.22,STD
911204,"Quick Coupling F Flat face 1/2"" ",800607,23.94,3.00,Pcs,71.82,STD
911205,"Quick Coupling M Flat face 1/2""",800607,14.76,12.00,Pcs,177.12,STD
911216,"Dust cap for F Flat face 1/2"" Black",800607,5.60,3.00,Pcs,16.80,STD
912018,GEOFit Grease Coupl. GenII Machine,040204,153.38,1.00,Pcs,153.38,STD
912019,GEOFit Grease Coupl. GenII Worktool,040204,229.00,1.00,Pcs,229.00,STD
912028,Screw for 903870,810201,1.26,11.00,Pcs,13.86,STD
912056,Switch EM48 SPST SVART ,810205,18.42,1.00,Pcs,18.42,STD
914182,Screw M6S M16x50 10.9 FZB,850203,0.67,20.00,Pcs,13.40,STD
955261,"Adapter 1/4"" F - 8L F MAVE",820104,3.94,36.00,Pcs,141.84,STD
955285,Hydraforce relife valve CR10-28A-0-N-30,800608,19.21,1.00,Pcs,19.21,STD
SQ50 ADAPTOR_A,Steelwrist SQ50 adapter,010202,"1,863.13",1.00,Pcs,"1,863.13",STD
SQ60-5 ADAPTOR_B,Steelwrist SQ60-5 adapter,QUARANTINE,"2,307.00",1.00,Pcs,"2,307.00",STD
SQ70 ADAPTOR_B,Steelwrist SQ70 adapter,050504,"2,850.00",1.00,Pcs,"2,850.00",STD
SQ70 ADAPTOR_B,Steelwrist SQ70 adapter,010103,"2,850.00",1.00,Pcs,"2,850.00",STD
SQ80 ADAPTOR,Steelwrist SQ80 adapter,010304,"3,727.40",1.00,Pcs,"3,727.40",STD
SQ80 ADAPTOR,Steelwrist SQ80 adapter,010102,"3,727.40",1.00,Pcs,"3,727.40",STD
SQ80 ADAPTOR,Steelwrist SQ80 adapter,010104,"3,727.40",1.00,Pcs,"3,727.40",STD
SQ80 ADAPTOR,Steelwrist SQ80 adapter,010104,"3,727.40",2.00,Pcs,"7,454.80",STD
SQ80 ADAPTOR,Steelwrist SQ80 adapter,010104,"3,727.40",1.00,Pcs,"3,727.40",STD
X04S40DEMO,Steelwrist X04 S40 demo unit,REFURBISH,"10,445.00",1.00,Pcs,"10,445.00",STD
XT20 S60,Steelwrist XT20 Tilt Coupler,SERVICE,"8,911.00",1.00,Pcs,"8,911.00",STD